Product ID,Forecast Quantity
1000,237.33333333333334
1001,234.33333333333334
1003,400.0
1005,245.0
1006,137.0
1007,459.0
1008,304.0
1009,84.0
1010,78.0
1013,336.5
1014,311.0
1017,124.0
1019,284.0
1020,164.5
1021,191.0
1023,89.0
1024,430.0
1027,226.0
1028,203.0
1030,336.5
1032,215.0
1033,296.0
1034,322.0
1035,223.75
1040,163.0
1041,80.0
1042,240.0
1043,432.0
1045,320.0
1049,360.0
1051,158.0
1052,111.0
1053,223.0
1055,295.0
1056,190.0
1057,455.0
1059,314.0
1060,381.0
1062,255.0
1063,430.5
1067,315.5
1072,298.0
1073,173.0
1075,320.5
1076,242.25
1077,382.0
1078,95.0
1080,252.0
1081,307.0
1082,166.5
1083,138.0
1084,328.5
1085,263.0
1086,421.0
1087,309.3333333333333
1089,307.0
1090,242.0
1091,168.0
1092,229.33333333333334
1095,269.5
1096,213.75
1097,383.0
1098,268.0
1099,206.25
1100,247.0
1101,316.5
1103,78.0
1105,126.5
1107,450.0
1109,113.0
1112,172.66666666666666
1113,456.0
1116,308.25
1117,408.5
1122,43.0
1124,24.0
1125,465.0
1127,278.0
1129,285.5
1131,194.25
1132,166.5
1133,47.0
1136,250.0
1137,307.0
1138,228.33333333333334
1140,486.0
1141,423.0
1142,396.0
1144,205.0
1147,475.0
1148,74.0
1149,59.0
1150,235.5
1152,223.5
1154,174.0
1155,246.66666666666666
1156,188.0
1157,342.0
1158,196.0
1159,434.0
1161,104.0
1162,31.0
1163,228.5
1165,33.0
1169,431.0
1170,414.5
1171,375.0
1174,386.5
1175,264.0
1176,238.5
1177,222.0
1178,101.0
1180,215.0
1181,251.0
1182,68.0
1183,446.0
1184,308.5
1185,290.5
1186,231.0
1187,478.0
1188,424.0
1191,188.5
1193,371.0
1194,148.0
1197,209.0
1199,240.75
1200,284.0
1201,245.0
1204,215.5
1205,188.0
1206,304.5
1207,247.0
1208,58.0
1209,127.0
1210,289.0
1211,363.0
1212,47.0
1213,218.0
1215,293.3333333333333
1216,231.0
1219,230.0
1221,384.5
1222,406.0
1223,34.0
1225,414.3333333333333
1226,347.0
1228,21.0
1229,249.0
1230,298.0
1231,128.0
1232,398.0
1233,284.0
1234,430.5
1235,271.3333333333333
1237,154.0
1238,187.5
1240,336.0
1243,459.5
1244,13.0
1245,312.3333333333333
1248,221.75
1249,139.0
1250,447.0
1251,75.5
1252,160.33333333333334
1253,239.4
1254,428.0
1256,256.0
1258,417.0
1262,194.0
1264,347.0
1265,189.0
1266,438.0
1268,409.5
1270,23.0
1272,237.0
1274,251.5
1276,418.0
1277,435.0
1279,282.0
1280,40.0
1281,198.0
1282,186.2
1286,316.0
1289,311.3333333333333
1291,339.0
1292,459.0
1293,174.0
1296,301.5
1297,165.0
1298,7.0
1299,129.0
1300,221.0
1301,243.5
1302,206.0
1303,180.0
1304,87.0
1305,420.0
1306,259.0
1307,195.33333333333334
1309,39.0
1310,201.0
1311,291.6666666666667
1312,462.0
1313,274.5
1316,62.0
1317,178.0
1320,183.33333333333334
1321,384.0
1323,469.0
1324,319.6666666666667
1325,205.0
1326,41.0
1327,407.0
1328,264.0
1329,336.0
1333,344.0
1334,266.0
1337,376.0
1338,355.0
1339,408.0
1340,288.5
1342,183.0
1343,231.0
1345,358.0
1347,283.0
1349,93.0
1350,267.0
1351,362.0
1352,431.0
1353,383.0
1355,129.5
1356,436.0
1357,450.0
1358,167.0
1359,77.0
1360,284.0
1361,219.0
1362,463.0
1363,158.0
1364,116.0
1368,151.66666666666666
1369,333.0
1371,171.0
1372,252.0
1373,136.0
1375,219.0
1377,165.5
1378,376.0
1379,368.0
1380,156.0
1381,217.0
1382,140.0
1383,290.0
1385,396.0
1386,29.0
1389,73.0
1390,230.0
1392,484.0
1395,342.0
1400,220.0
1401,12.0
1403,213.5
1404,194.0
1408,89.0
1410,349.5
1411,128.0
1412,45.5
1413,405.75
1416,131.0
1418,272.0
1419,411.5
1420,277.0
1421,155.0
1422,83.0
1427,421.0
1428,221.0
1429,425.0
1434,445.0
1436,440.0
1437,197.33333333333334
1438,98.0
1439,58.0
1440,23.0
1444,101.0
1445,173.0
1446,132.66666666666666
1447,186.0
1448,244.0
1449,267.0
1451,63.0
1452,373.0
1453,272.5
1455,225.0
1456,286.5
1457,384.3333333333333
1459,224.5
1460,97.0
1461,230.5
1462,315.0
1463,129.0
1465,111.0
1466,105.0
1467,165.0
1468,184.0
1469,263.5
1471,351.0
1473,27.0
1474,148.5
1476,397.0
1477,151.0
1478,375.5
1479,27.5
1481,357.0
1482,252.0
1483,364.0
1484,279.0
1485,275.0
1486,335.75
1488,286.0
1490,363.0
1492,488.0
1493,130.0
1497,78.0
1498,292.0
1503,252.0
1504,20.0
1507,465.0
1508,241.5
1509,152.0
1513,210.0
1516,224.0
1517,251.0
1518,340.0
1523,198.33333333333334
1524,107.0
1526,425.0
1527,4.0
1528,138.0
1529,210.0
1530,148.0
1531,255.0
1533,186.5
1534,279.0
1535,278.0
1536,140.0
1537,164.0
1539,451.5
1541,186.33333333333334
1542,167.0
1543,42.0
1544,259.5
1545,484.0
1547,88.0
1549,86.0
1550,219.0
1551,376.0
1553,483.0
1555,57.0
1556,439.0
1557,127.0
1558,291.0
1560,450.0
1561,170.0
1563,222.0
1564,279.5
1566,186.0
1569,429.0
1570,149.0
1571,424.0
1572,336.0
1573,96.0
1574,293.0
1575,144.5
1576,415.5
1577,257.5
1578,408.5
1580,294.0
1581,184.0
1584,454.0
1585,124.5
1587,106.0
1588,499.0
1589,388.0
1590,208.0
1592,163.0
1593,291.5
1594,403.0
1595,96.0
1596,63.0
1597,191.0
1600,211.0
1601,272.0
1603,346.0
1604,151.0
1605,281.0
1608,246.0
1610,115.0
1611,90.5
1612,235.0
1613,402.0
1614,183.4
1616,101.0
1617,207.0
1620,265.25
1621,412.0
1622,32.0
1623,495.0
1624,331.0
1628,470.0
1629,197.0
1631,242.0
1633,128.0
1634,257.0
1640,77.0
1643,155.0
1645,159.0
1647,340.0
1648,36.0
1649,197.0
1651,8.0
1652,411.0
1654,197.5
1655,151.0
1657,283.0
1658,205.5
1660,223.5
1661,343.6666666666667
1663,165.0
1665,429.0
1666,312.5
1668,358.0
1669,228.0
1670,221.0
1672,264.0
1674,255.0
1675,234.5
1676,200.0
1677,259.0
1678,329.0
1683,99.0
1684,275.0
1685,241.33333333333334
1686,263.0
1687,114.0
1688,71.0
1690,437.0
1694,129.0
1695,208.5
1696,243.5
1701,201.33333333333334
1702,89.0
1705,397.0
1709,146.5
1710,245.0
1711,164.0
1713,362.0
1714,319.0
1717,367.0
1719,10.0
1721,216.0
1722,111.0
1723,313.0
1724,215.0
1726,472.0
1727,402.0
1729,357.0
1730,261.0
1731,114.0
1733,243.5
1734,420.0
1735,163.0
1736,310.5
1737,176.0
1739,319.0
1742,334.0
1744,254.5
1745,189.0
1746,158.0
1749,343.0
1750,232.5
1751,290.0
1752,140.0
1753,230.0
1756,320.0
1757,189.0
1758,300.0
1760,214.0
1761,165.0
1762,451.0
1763,389.0
1764,458.0
1770,199.5
1771,465.0
1772,322.0
1773,465.0
1774,465.0
1775,189.5
1777,17.0
1779,71.0
1780,403.0
1781,450.0
1783,423.0
1784,171.0
1785,441.5
1788,217.0
1789,241.5
1791,128.0
1792,216.0
1795,319.5
1797,297.0
1800,332.0
1801,111.0
1802,342.0
1803,304.0
1805,499.0
1806,367.0
1807,244.5
1809,36.0
1810,380.0
1811,208.0
1813,272.0
1814,51.0
1815,305.5
1817,68.0
1818,29.0
1819,212.66666666666666
1820,52.0
1821,104.0
1824,367.0
1825,154.75
1826,377.0
1827,148.0
1828,71.0
1829,154.0
1832,322.0
1834,375.5
1835,342.0
1838,55.0
1839,239.0
1843,77.5
1844,213.0
1845,217.5
1846,147.0
1847,225.66666666666666
1848,330.0
1849,214.5
1852,339.0
1853,225.0
1854,247.0
1855,129.0
1856,134.5
1859,330.0
1860,372.0
1861,109.0
1862,208.5
1864,16.0
1865,306.0
1866,444.5
1867,108.25
1869,190.5
1871,123.0
1872,428.0
1873,456.0
1874,277.3333333333333
1876,193.5
1878,191.5
1879,248.5
1881,107.0
1882,420.0
1884,299.0
1885,336.0
1887,353.0
1890,252.0
1891,375.0
1892,435.0
1893,402.0
1894,395.5
1895,156.5
1896,359.0
1898,255.0
1899,235.0
1900,237.0
1901,193.0
1903,57.0
1904,94.0
1907,381.0
1908,267.0
1909,424.0
1910,81.0
1912,147.0
1913,253.0
1914,52.0
1916,88.5
1917,443.0
1918,270.5
1920,298.5
1922,362.0
1924,141.0
1926,257.3333333333333
1927,138.0
1928,302.0
1929,267.5
1931,208.75
1932,379.3333333333333
1933,196.0
1934,18.0
1935,30.0
1936,32.0
1938,265.5
1939,311.0
1940,7.0
1945,229.0
1947,335.0
1948,113.0
1949,337.3333333333333
1950,215.0
1952,419.0
1954,315.0
1955,445.0
1957,252.0
1958,427.5
1960,76.0
1962,66.0
1963,11.0
1965,313.0
1966,91.0
1967,87.0
1971,343.0
1972,137.0
1973,184.0
1976,347.0
1977,364.5
1978,6.0
1979,414.0
1980,320.0
1981,247.0
1984,79.0
1985,278.0
1986,421.0
1987,54.0
1989,185.0
1991,162.0
1993,497.0
1995,236.0
2000,36.0
2001,331.5
2004,178.66666666666666
2005,450.0
2007,74.0
2009,276.0
2010,154.0
2011,469.5
2012,205.5
2013,386.3333333333333
2015,399.0
2017,226.0
2020,45.0
2021,357.5
2022,251.0
2023,118.5
2026,90.0
2029,97.0
2030,483.0
2031,66.5
2032,206.33333333333334
2033,126.0
2034,459.0
2037,62.0
2039,293.0
2040,450.0
2042,45.0
2044,383.0
2049,425.0
2050,314.0
2052,351.0
2056,313.0
2057,53.0
2058,60.0
2060,73.33333333333333
2061,289.5
2063,65.0
2064,404.0
2065,170.5
2066,373.0
2067,354.0
2068,60.0
2069,297.5
2070,218.0
2073,258.5
2074,253.0
2076,240.5
2077,305.6666666666667
2078,223.0
2079,272.0
2081,343.0
2082,206.33333333333334
2083,255.0
2088,99.75
2089,2.0
2090,410.0
2091,235.0
2094,228.0
2095,405.0
2097,89.0
2098,308.6666666666667
2099,213.5
2100,209.5
2101,258.75
2102,145.0
2106,140.0
2109,145.75
2111,48.0
2112,238.0
2113,437.0
2114,138.0
2116,406.0
2117,361.0
2118,341.75
2119,47.0
2120,224.0
2121,404.3333333333333
2122,84.5
2123,165.5
2124,117.0
2128,289.5
2129,46.0
2131,336.0
2133,223.33333333333334
2136,41.0
2138,82.0
2139,322.0
2141,231.5
2142,258.0
2143,98.0
2144,140.0
2145,348.5
2146,397.0
2147,263.0
2148,116.5
2149,118.5
2150,298.0
2153,216.5
2155,248.0
2156,92.0
2157,6.0
2158,279.3333333333333
2160,390.0
2162,343.5
2163,229.0
2164,168.0
2165,105.0
2167,245.5
2168,235.0
2169,8.0
2173,40.0
2174,165.0
2179,324.3333333333333
2180,25.0
2181,309.0
2182,116.0
2185,174.0
2186,172.0
2187,145.5
2188,75.0
2189,60.5
2190,162.0
2191,239.5
2192,465.0
2195,154.33333333333334
2196,33.0
2197,375.5
2198,309.3333333333333
2200,431.0
2202,256.0
2204,302.0
2207,185.0
2208,77.5
2209,454.0
2210,226.0
2211,206.5
2212,363.0
2213,116.0
2214,411.0
2217,432.0
2218,430.0
2219,156.5
2220,108.0
2221,288.0
2222,402.25
2223,314.6666666666667
2224,248.0
2225,394.5
2226,314.0
2227,135.0
2229,30.0
2230,197.33333333333334
2231,42.0
2233,25.0
2234,108.0
2236,226.5
2237,262.0
2239,336.0
2240,435.0
2244,254.0
2250,337.0
2251,332.0
2252,156.0
2253,438.0
2256,375.0
2257,226.8
2259,216.0
2260,246.5
2264,262.0
2265,223.0
2267,46.0
2268,123.0
2269,46.0
2270,209.5
2272,265.0
2274,195.0
2278,430.0
2279,95.0
2281,353.0
2282,304.0
2283,226.0
2284,96.0
2285,339.0
2286,417.0
2287,364.3333333333333
2288,325.3333333333333
2289,279.5
2290,272.0
2291,233.0
2292,346.0
2293,277.0
2294,338.0
2295,251.5
2296,183.75
2297,281.0
2298,278.5
2299,421.0
2300,105.0
2301,86.0
2302,167.0
2303,222.0
2304,332.0
2307,80.0
2308,266.0
2309,240.0
2310,217.0
2311,222.0
2312,8.0
2313,276.0
2314,68.5
2315,137.0
2316,430.0
2317,89.0
2318,68.0
2319,204.0
2320,437.0
2325,199.0
2326,323.0
2327,15.0
2328,80.5
2329,209.33333333333334
2330,224.0
2332,273.5
2333,359.3333333333333
2334,239.0
2335,255.75
2337,128.0
2338,176.0
2339,293.0
2340,195.0
2342,377.0
2344,328.0
2345,207.5
2346,231.5
2347,402.0
2349,79.0
2350,273.6666666666667
2351,277.0
2352,124.5
2353,148.0
2354,156.0
2355,172.0
2356,238.2
2357,118.0
2358,73.0
2359,208.0
2360,80.0
2361,34.0
2363,463.0
2364,128.0
2367,51.0
2369,223.0
2370,279.0
2371,323.0
2374,361.0
2375,319.0
2377,479.0
2378,404.0
2380,484.0
2383,266.0
2384,236.0
2385,234.5
2387,282.0
2388,94.0
2389,142.5
2392,265.0
2397,323.0
2399,453.5
2400,280.5
2401,76.0
2402,35.0
2403,430.0
2405,258.5
2406,137.0
2407,296.0
2408,143.0
2411,121.0
2412,221.0
2413,360.0
2414,372.0
2415,117.0
2416,420.0
2417,219.0
2418,174.5
2419,202.0
2421,66.0
2422,67.5
2424,280.0
2425,129.8
2426,452.0
2428,130.0
2431,170.0
2432,289.5
2433,269.0
2435,102.0
2436,439.0
2437,379.0
2439,205.0
2440,278.0
2442,221.0
2443,358.0
2444,236.0
2448,132.0
2449,482.0
2450,317.6666666666667
2452,75.0
2453,101.75
2454,197.0
2455,240.0
2456,119.0
2457,180.0
2458,230.0
2459,215.33333333333334
2460,175.0
2461,151.0
2462,108.0
2463,108.0
2465,484.0
2466,360.0
2467,319.0
2468,48.0
2469,234.0
2471,469.0
2472,77.0
2473,216.5
2474,448.0
2475,4.0
2477,32.0
2478,143.0
2481,410.0
2484,270.5
2485,165.0
2487,283.0
2488,66.5
2489,110.0
2491,386.0
2492,105.0
2496,148.0
2497,243.66666666666666
2498,82.0
2499,360.0
2500,243.66666666666666
2501,336.0
2503,340.0
2504,306.6
2505,104.0
2506,260.0
2508,390.0
2509,144.0
2513,268.5
2514,309.0
2515,328.0
2518,318.5
2520,247.5
2521,154.5
2522,418.0
2523,363.0
2524,163.5
2526,107.0
2527,302.25
2528,223.5
2530,297.5
2531,262.0
2532,392.0
2533,192.0
2538,233.83333333333334
2539,460.0
2541,493.0
2542,470.0
2544,337.0
2545,309.0
2546,68.0
2547,264.0
2548,391.0
2551,370.0
2552,286.5
2554,68.0
2555,280.0
2557,260.75
2558,113.0
2560,296.0
2561,321.0
2564,283.6666666666667
2565,54.0
2566,200.0
2568,23.0
2569,283.0
2570,223.0
2572,248.0
2573,201.0
2574,226.33333333333334
2577,237.0
2578,469.0
2579,169.0
2580,304.0
2581,88.33333333333333
2582,434.0
2585,386.0
2586,375.0
2587,152.5
2588,63.0
2589,167.0
2590,205.0
2591,292.6666666666667
2594,429.5
2595,328.0
2596,201.0
2597,211.0
2598,435.0
2599,263.0
2600,301.0
2601,380.0
2602,315.0
2604,185.0
2605,337.0
2606,190.0
2607,175.5
2610,108.0
2612,121.5
2613,377.0
2614,488.0
2616,224.0
2618,97.0
2619,344.5
2620,147.0
2622,145.0
2624,121.0
2626,182.0
2628,408.0
2629,171.0
2631,375.5
2633,166.5
2638,435.0
2641,404.5
2642,221.5
2644,198.0
2646,481.0
2647,70.0
2650,299.5
2651,333.0
2653,271.0
2654,357.0
2655,4.0
2656,262.6
2657,325.0
2658,331.0
2660,483.0
2661,310.0
2664,287.0
2665,53.0
2666,89.0
2667,314.6666666666667
2670,159.33333333333334
2673,269.0
2674,385.0
2677,47.0
2678,388.0
2679,282.5
2680,310.0
2682,306.0
2684,276.5
2685,55.0
2686,161.5
2687,497.0
2688,127.0
2691,400.0
2692,315.0
2693,34.0
2695,466.0
2696,184.75
2697,373.0
2698,20.0
2700,202.0
2701,270.0
2702,70.0
2703,228.0
2704,396.0
2705,469.0
2706,164.33333333333334
2708,84.0
2710,271.0
2712,380.0
2715,122.0
2716,320.0
2718,273.0
2720,14.0
2721,494.0
2725,316.3333333333333
2727,138.0
2728,224.0
2730,155.33333333333334
2731,282.0
2732,41.0
2733,306.0
2734,307.0
2736,447.0
2738,39.0
2740,287.0
2741,281.3333333333333
2742,466.0
2744,263.0
2745,172.0
2747,195.0
2748,246.0
2749,371.3333333333333
2751,288.0
2753,66.0
2754,171.0
2755,241.0
2756,296.0
2758,351.5
2759,40.5
2763,201.0
2764,444.0
2766,235.0
2767,247.0
2769,152.0
2770,423.0
2772,29.0
2773,221.5
2774,422.0
2775,470.5
2778,297.0
2779,318.0
2784,50.0
2785,279.3333333333333
2786,421.0
2787,180.0
2788,250.0
2790,347.0
2792,223.5
2793,461.0
2795,4.0
2796,268.0
2797,264.0
2798,444.0
2799,450.5
2800,66.0
2802,479.0
2803,86.0
2804,397.0
2807,387.0
2809,90.5
2811,39.0
2812,126.0
2813,338.5
2814,320.5
2816,197.0
2818,151.0
2820,196.0
2822,268.0
2823,195.0
2826,285.0
2827,184.0
2828,289.3333333333333
2829,203.0
2830,362.0
2831,384.3333333333333
2832,170.0
2833,161.0
2835,282.0
2836,178.66666666666666
2837,180.33333333333334
2838,76.0
2839,344.0
2840,322.0
2841,136.0
2843,75.0
2844,87.0
2845,203.0
2846,188.0
2848,480.0
2849,242.0
2850,461.0
2851,100.5
2852,308.0
2855,151.33333333333334
2856,53.0
2857,393.5
2858,100.0
2860,228.0
2861,292.0
2862,247.0
2866,155.0
2867,331.0
2868,243.0
2871,307.5
2872,50.0
2873,201.0
2876,271.0
2878,412.0
2879,149.5
2883,214.0
2887,158.0
2888,114.0
2892,435.0
2893,131.0
2895,304.0
2896,96.0
2897,106.5
2899,130.0
2901,45.0
2902,225.33333333333334
2903,277.0
2905,131.0
2907,235.0
2910,323.5
2911,219.5
2912,82.0
2915,418.0
2916,470.0
2918,208.0
2920,83.0
2922,246.33333333333334
2923,482.0
2924,326.5
2925,301.0
2926,201.0
2927,401.5
2928,95.0
2931,186.66666666666666
2932,64.0
2933,171.0
2934,440.0
2935,226.0
2936,6.0
2937,366.0
2938,178.0
2939,59.0
2940,180.0
2942,436.0
2943,151.0
2944,443.0
2945,141.0
2946,179.0
2947,139.0
2949,240.0
2950,383.0
2951,355.0
2953,290.6666666666667
2955,150.0
2957,373.0
2958,153.5
2960,456.0
2962,245.0
2963,258.5
2964,24.0
2965,318.0
2966,95.5
2967,352.5
2968,159.0
2970,320.0
2971,371.0
2973,186.0
2974,183.5
2975,217.5
2976,344.0
2977,248.0
2981,364.0
2984,216.0
2985,60.0
2988,15.0
2989,122.5
2991,175.5
2992,205.0
2993,346.6666666666667
2994,438.0
2995,178.66666666666666
2996,82.0
2997,182.66666666666666
2998,348.0
2999,383.0
3002,121.0
3003,94.0
3004,109.5
3005,54.0
3006,192.0
3007,170.0
3008,285.0
3009,276.0
3012,63.5
3013,37.0
3014,248.0
3015,217.66666666666666
3017,110.0
3018,36.0
3019,103.0
3020,30.0
3021,8.0
3023,321.5
3025,414.0
3027,212.0
3029,126.0
3030,262.3333333333333
3031,138.0
3032,203.5
3034,134.5
3035,281.0
3037,271.0
3039,389.0
3040,216.66666666666666
3043,78.0
3044,421.0
3046,362.5
3048,170.0
3049,172.66666666666666
3050,422.0
3051,207.25
3053,64.0
3054,343.0
3055,32.0
3056,391.0
3057,389.0
3059,440.5
3062,267.25
3063,429.0
3064,388.0
3065,53.0
3067,155.5
3068,425.0
3070,255.0
3072,268.0
3073,292.0
3074,331.0
3075,211.5
3077,398.0
3078,424.0
3079,436.0
3080,96.0
3081,351.0
3082,143.5
3083,321.0
3084,353.0
3085,284.0
3086,270.5
3087,411.0
3088,215.0
3089,161.33333333333334
3091,446.0
3092,275.6666666666667
3093,310.0
3094,162.0
3095,170.0
3096,477.0
3097,425.0
3098,17.0
3101,378.0
3102,156.0
3103,383.5
3104,412.0
3105,239.0
3106,405.0
3108,441.0
3109,197.0
3110,103.5
3111,329.6666666666667
3113,140.0
3114,207.33333333333334
3115,302.0
3116,362.0
3117,462.0
3122,21.0
3124,329.0
3125,437.0
3126,120.0
3129,213.0
3131,137.0
3133,297.5
3134,336.0
3135,438.0
3136,218.0
3137,262.0
3138,334.0
3139,259.2
3140,414.0
3141,176.0
3143,411.0
3146,362.0
3149,332.0
3150,297.0
3151,149.0
3152,319.0
3153,252.5
3154,191.0
3157,259.0
3160,189.5
3161,17.0
3162,116.0
3164,252.0
3165,91.5
3166,169.0
3167,392.0
3169,360.0
3171,479.0
3172,256.0
3175,224.5
3176,163.0
3177,215.0
3178,287.5
3179,219.66666666666666
3183,484.0
3184,201.0
3185,88.0
3187,233.5
3189,223.0
3190,45.0
3193,348.0
3194,402.0
3197,324.5
3198,157.0
3201,436.0
3203,230.0
3204,497.0
3205,36.0
3206,415.0
3207,353.0
3208,403.0
3211,304.0
3212,419.0
3213,236.0
3214,162.66666666666666
3216,397.0
3217,124.66666666666667
3218,272.0
3220,271.0
3221,340.5
3222,436.0
3223,95.0
3224,426.0
3226,208.0
3227,347.0
3230,161.0
3233,262.5
3234,401.0
3235,214.0
3236,138.0
3238,120.0
3239,314.0
3241,393.3333333333333
3242,437.3333333333333
3243,213.0
3244,127.5
3245,200.0
3246,283.0
3247,254.0
3248,478.0
3249,245.0
3250,33.0
3251,336.0
3252,216.0
3255,54.0
3256,336.0
3257,455.0
3258,418.0
3259,145.0
3260,328.0
3261,118.0
3263,197.0
3265,206.5
3266,124.0
3267,196.5
3268,231.0
3269,346.0
3270,41.5
3271,480.0
3272,347.0
3273,218.5
3275,45.0
3276,370.0
3277,238.5
3278,325.6666666666667
3279,152.5
3280,137.0
3283,359.5
3284,431.5
3285,165.0
3286,390.0
3293,489.0
3295,103.0
3297,89.0
3301,349.0
3303,254.0
3304,168.0
3305,305.25
3306,219.5
3307,324.5
3308,188.5
3309,325.0
3310,313.0
3311,345.0
3312,355.0
3315,109.0
3317,267.0
3318,257.6666666666667
3319,397.0
3320,28.0
3321,334.0
3322,313.0
3323,17.0
3324,426.0
3326,137.0
3327,251.66666666666666
3329,172.0
3330,79.0
3331,381.5
3332,188.0
3334,185.5
3337,303.0
3339,138.5
3340,212.0
3341,182.0
3342,476.0
3343,39.0
3345,85.0
3347,206.0
3349,351.0
3350,194.5
3352,431.5
3353,85.0
3354,217.75
3356,417.0
3358,292.0
3359,473.0
3361,379.5
3362,299.3333333333333
3364,335.0
3365,211.5
3366,366.0
3368,249.33333333333334
3369,124.0
3371,108.0
3372,409.0
3373,385.5
3379,439.0
3380,84.5
3382,163.0
3383,174.0
3385,304.0
3386,38.0
3387,266.0
3388,65.0
3389,16.5
3390,142.0
3391,467.0
3393,425.0
3394,225.0
3396,252.5
3397,348.6666666666667
3399,341.0
3400,374.0
3402,183.0
3403,86.66666666666667
3404,244.66666666666666
3405,254.66666666666666
3406,109.0
3408,444.0
3409,283.0
3410,68.5
3411,487.0
3412,292.0
3415,499.0
3417,351.0
3418,296.0
3420,479.0
3421,89.0
3422,236.0
3426,286.5
3427,353.0
3428,250.0
3429,234.0
3430,180.75
3432,402.0
3433,160.0
3434,340.5
3435,58.0
3436,10.0
3437,205.0
3438,47.0
3439,380.6666666666667
3441,206.0
3442,67.5
3443,426.5
3445,176.5
3446,92.5
3447,409.0
3448,236.0
3450,260.0
3451,264.5
3452,260.6666666666667
3453,188.0
3454,135.66666666666666
3455,287.0
3456,151.0
3459,67.0
3460,267.0
3461,238.5
3462,224.66666666666666
3464,430.5
3465,262.0
3466,166.0
3467,237.0
3468,265.0
3470,40.0
3472,382.0
3473,386.6666666666667
3477,78.0
3480,277.5
3481,341.75
3484,386.0
3489,342.0
3491,262.0
3495,149.0
3496,217.5
3497,415.0
3498,209.0
3500,360.5
3502,457.0
3503,332.0
3504,358.3333333333333
3505,129.0
3506,320.0
3507,208.0
3509,262.0
3510,135.5
3511,477.0
3514,25.0
3515,194.0
3516,243.0
3517,466.0
3518,265.0
3519,214.0
3521,98.0
3522,351.0
3525,389.0
3526,202.0
3528,214.0
3529,447.0
3533,146.0
3534,312.3333333333333
3535,151.5
3536,258.6666666666667
3538,316.5
3539,456.0
3540,190.0
3541,380.0
3542,384.3333333333333
3543,439.0
3544,286.0
3545,114.0
3546,65.5
3547,298.75
3548,239.0
3549,283.0
3550,115.0
3552,471.0
3554,376.0
3555,154.0
3556,497.0
3557,127.0
3558,223.0
3560,198.66666666666666
3561,321.0
3563,47.0
3565,139.0
3567,312.6666666666667
3568,288.0
3573,57.0
3574,470.0
3575,231.0
3576,300.5
3577,153.0
3579,78.0
3580,236.5
3581,225.0
3582,269.0
3583,222.66666666666666
3584,456.0
3585,426.0
3586,245.33333333333334
3587,128.0
3588,298.0
3589,306.0
3590,114.0
3591,39.0
3596,286.0
3597,63.0
3598,24.0
3599,15.0
3601,220.5
3604,303.6666666666667
3606,49.0
3607,322.0
3608,238.5
3609,49.0
3610,235.0
3611,296.0
3613,349.0
3615,279.0
3616,62.0
3618,108.0
3620,134.0
3621,487.0
3622,217.0
3623,446.0
3624,384.0
3625,111.0
3627,292.5
3628,227.5
3630,396.0
3632,205.0
3635,56.0
3636,46.0
3638,168.0
3639,165.0
3640,209.0
3643,332.5
3647,67.0
3648,265.0
3649,203.5
3650,472.0
3651,312.0
3652,252.0
3653,469.0
3654,7.0
3655,191.0
3656,192.0
3659,95.0
3660,75.0
3661,205.0
3662,312.3333333333333
3663,472.0
3664,340.0
3665,189.0
3666,295.0
3667,239.33333333333334
3668,465.0
3672,253.0
3673,461.0
3674,350.0
3675,179.0
3676,222.0
3678,64.5
3679,76.0
3680,325.0
3682,478.0
3685,216.66666666666666
3686,267.0
3687,406.0
3689,337.6666666666667
3691,244.0
3692,146.0
3694,462.0
3697,31.0
3698,313.5
3699,55.0
3701,182.33333333333334
3702,89.0
3703,139.0
3705,351.0
3707,489.0
3709,345.0
3713,281.0
3714,262.5
3715,12.0
3716,260.0
3717,385.5
3718,370.0
3719,332.0
3722,233.0
3724,41.0
3726,363.0
3728,249.0
3730,433.0
3732,37.0
3733,135.0
3734,210.0
3735,265.5
3736,280.0
3737,148.0
3738,223.0
3740,270.5
3741,18.0
3742,308.0
3743,368.3333333333333
3745,249.0
3746,58.0
3748,259.6666666666667
3751,299.0
3752,184.5
3753,74.5
3754,309.0
3755,402.0
3756,457.0
3758,332.0
3759,258.75
3760,454.0
3766,214.0
3768,331.0
3770,230.0
3772,279.0
3773,172.0
3775,404.0
3777,322.0
3778,124.5
3780,287.75
3781,85.5
3782,281.0
3785,168.0
3788,289.0
3789,51.0
3790,10.0
3791,362.0
3793,258.0
3794,477.0
3797,464.0
3798,185.2
3799,349.0
3800,55.5
3801,216.5
3802,178.0
3803,227.0
3804,314.0
3805,296.6666666666667
3806,165.0
3807,58.0
3809,257.5
3810,210.0
3811,349.0
3812,434.0
3813,250.5
3814,416.0
3815,106.0
3817,341.0
3820,487.0
3821,108.0
3822,346.0
3823,261.5
3824,304.5
3826,313.5
3829,432.0
3831,435.0
3834,124.0
3835,327.0
3837,151.66666666666666
3839,265.0
3841,281.0
3844,84.66666666666667
3845,283.0
3846,1.0
3847,219.0
3848,475.0
3850,144.0
3851,369.0
3852,190.0
3853,122.0
3854,65.0
3855,312.0
3858,229.5
3861,131.0
3862,135.0
3863,422.0
3865,284.0
3866,322.0
3868,328.6666666666667
3869,417.0
3874,374.0
3875,206.0
3876,195.0
3878,481.0
3880,105.5
3882,422.5
3883,296.0
3885,350.0
3886,364.0
3888,315.0
3889,433.0
3895,146.0
3896,228.0
3897,171.0
3900,329.5
3901,405.0
3908,225.5
3912,160.0
3913,313.0
3914,5.0
3915,70.0
3917,376.0
3920,239.0
3922,51.666666666666664
3923,4.0
3925,351.0
3930,422.0
3931,110.0
3932,245.0
3934,69.0
3935,35.0
3937,242.5
3938,168.0
3939,153.5
3940,73.0
3942,482.0
3943,195.0
3944,410.6666666666667
3945,195.0
3946,174.0
3949,462.0
3950,39.0
3951,140.0
3952,62.0
3953,441.0
3954,228.75
3956,91.0
3957,465.0
3958,52.0
3959,378.0
3961,404.0
3962,306.5
3963,273.0
3966,259.0
3968,325.0
3971,186.66666666666666
3972,160.0
3973,273.0
3974,237.0
3975,451.0
3976,374.0
3978,421.0
3979,347.5
3982,420.5
3983,138.0
3984,207.0
3986,174.0
3988,9.0
3990,165.0
3991,330.0
3992,393.0
3993,319.0
3995,377.0
3996,35.0
3997,477.0
3998,227.0
3999,383.0
4001,199.5
4002,126.0
4004,17.0
4006,309.5
4007,292.0
4009,102.0
4010,20.0
4011,249.4
4012,358.5
4013,141.75
4014,96.0
4016,328.0
4017,160.0
4019,396.0
4023,138.0
4024,340.0
4025,93.0
4026,205.0
4029,301.0
4031,157.0
4033,289.0
4035,97.0
4036,205.0
4037,347.0
4039,302.0
4040,319.0
4041,134.0
4042,262.5
4045,429.0
4048,131.5
4050,250.0
4052,306.0
4054,268.0
4055,393.0
4056,429.0
4057,183.33333333333334
4058,155.0
4059,287.6666666666667
4063,306.0
4064,176.5
4067,388.0
4069,162.0
4070,351.0
4071,310.6666666666667
4073,379.0
4076,260.0
4077,287.5
4079,487.0
4080,365.3333333333333
4081,458.0
4082,348.6666666666667
4084,306.0
4085,494.0
4087,343.0
4089,188.0
4091,405.0
4092,163.66666666666666
4093,213.0
4094,305.6666666666667
4095,412.0
4097,103.0
4098,149.0
4099,59.5
4101,471.0
4102,386.5
4103,221.0
4104,103.0
4110,295.6666666666667
4111,340.0
4113,198.5
4115,172.0
4119,274.0
4120,313.0
4121,153.33333333333334
4122,18.0
4123,409.5
4125,286.0
4126,357.0
4127,224.0
4128,363.0
4132,270.0
4134,407.0
4135,256.0
4136,473.0
4137,276.5
4138,298.0
4142,491.0
4143,380.5
4145,385.5
4146,237.0
4147,309.0
4149,303.0
4150,325.0
4152,148.33333333333334
4153,100.0
4154,291.5
4155,385.0
4156,150.75
4157,224.0
4159,273.5
4160,269.0
4164,451.0
4168,490.0
4169,92.0
4170,240.66666666666666
4173,355.5
4174,215.33333333333334
4177,368.0
4178,325.0
4180,174.0
4181,71.0
4183,359.5
4185,51.0
4186,214.5
4187,212.66666666666666
4188,187.0
4190,239.0
4191,412.0
4193,35.0
4194,414.0
4195,154.33333333333334
4197,33.0
4198,317.0
4199,114.0
4200,486.0
4201,399.0
4202,343.0
4203,455.0
4205,394.75
4206,4.0
4207,26.0
4208,212.0
4211,469.5
4212,448.0
4214,53.0
4215,336.0
4216,332.0
4219,300.0
4220,397.0
4222,321.0
4223,179.5
4225,287.0
4226,126.0
4227,313.0
4229,352.0
4230,353.0
4233,478.0
4234,428.0
4235,406.5
4236,221.0
4238,346.0
4241,282.0
4242,342.0
4243,22.0
4244,432.0
4245,1.0
4246,152.0
4247,453.0
4248,283.5
4249,407.0
4251,296.0
4252,322.0
4253,241.0
4254,350.0
4257,409.0
4258,482.0
4259,166.0
4260,364.0
4261,15.0
4262,263.0
4264,286.0
4266,219.0
4268,455.0
4270,303.0
4271,471.0
4272,359.0
4274,350.3333333333333
4275,246.0
4277,330.0
4278,405.0
4280,245.0
4281,442.0
4282,129.0
4285,332.0
4286,249.0
4288,408.0
4290,285.5
4293,349.0
4294,425.0
4295,189.0
4296,214.5
4297,421.0
4298,38.5
4300,282.6666666666667
4301,82.5
4302,472.0
4303,227.0
4309,206.5
4310,194.0
4312,135.0
4315,194.0
4316,277.75
4317,323.0
4319,31.5
4321,186.0
4324,200.0
4328,415.0
4329,249.5
4334,142.0
4335,469.0
4336,378.0
4339,48.0
4340,53.0
4341,59.0
4342,182.0
4343,249.66666666666666
4345,244.0
4346,183.0
4347,131.0
4348,163.0
4350,360.0
4351,340.0
4353,215.0
4355,166.0
4356,323.0
4359,218.0
4361,168.0
4362,400.0
4363,295.0
4364,366.0
4366,263.0
4367,345.0
4368,300.0
4369,215.0
4371,213.5
4373,213.0
4375,191.5
4376,273.0
4378,182.0
4379,490.0
4380,276.5
4381,467.0
4382,444.5
4384,130.0
4385,190.0
4386,302.0
4387,251.0
4388,306.5
4389,234.0
4390,317.75
4391,273.5
4392,237.33333333333334
4393,25.0
4395,292.5
4397,206.0
4398,223.0
4399,240.0
4401,358.5
4402,2.0
4403,346.0
4405,390.0
4406,420.0
4408,99.0
4409,437.0
4410,6.0
4411,253.0
4412,252.33333333333334
4413,279.6666666666667
4414,156.5
4415,238.25
4416,452.0
4417,336.0
4418,250.25
4420,435.0
4421,446.0
4422,446.0
4423,274.5
4424,339.0
4425,194.0
4428,330.3333333333333
4429,465.0
4430,494.0
4431,73.0
4432,90.0
4433,380.3333333333333
4436,386.0
4438,114.5
4439,449.0
4440,342.0
4441,27.0
4442,435.0
4443,285.5
4444,253.5
4445,140.0
4446,149.0
4447,218.66666666666666
4448,100.0
4449,140.0
4452,206.5
4453,461.0
4455,368.6666666666667
4457,95.0
4458,277.0
4459,361.0
4460,431.0
4464,497.0
4465,318.5
4466,199.5
4467,418.0
4468,216.5
4470,102.0
4472,322.75
4476,212.0
4478,247.66666666666666
4479,85.0
4480,233.0
4482,150.0
4483,57.0
4484,225.33333333333334
4485,251.0
4486,233.0
4487,271.5
4488,310.0
4489,87.0
4490,471.0
4491,365.0
4493,9.0
4497,350.25
4498,182.5
4499,366.5
4500,5.0
4501,464.0
4502,316.5
4504,125.5
4505,485.0
4506,264.0
4507,372.0
4508,367.5
4509,55.5
4510,161.33333333333334
4513,240.0
4514,214.5
4517,286.5
4521,171.25
4523,403.0
4525,262.0
4527,16.0
4529,131.0
4530,159.0
4531,157.5
4532,138.0
4533,490.0
4534,99.0
4536,226.0
4537,458.0
4539,150.0
4540,272.5
4542,229.66666666666666
4544,213.5
4547,300.3333333333333
4548,110.0
4550,381.0
4551,205.66666666666666
4552,350.0
4554,284.0
4555,281.0
4556,146.0
4558,136.33333333333334
4559,242.66666666666666
4560,288.5
4561,147.0
4562,290.0
4563,228.5
4564,25.0
4565,25.0
4566,212.0
4567,282.0
4568,277.5
4570,244.5
4571,210.0
4573,96.0
4574,290.6666666666667
4577,282.0
4578,178.5
4579,153.66666666666666
4580,160.0
4581,289.6666666666667
4582,413.0
4583,430.0
4584,397.4
4587,430.0
4588,107.0
4591,213.0
4592,127.0
4593,105.0
4594,193.66666666666666
4595,185.5
4596,94.0
4597,418.0
4599,469.0
4600,280.0
4602,126.0
4604,448.0
4605,321.0
4606,246.0
4608,113.0
4610,253.0
4611,379.5
4612,325.5
4613,484.0
4614,162.5
4615,465.0
4616,309.0
4617,307.5
4619,287.0
4620,288.0
4621,384.0
4623,86.0
4624,302.5
4625,119.0
4626,201.0
4627,262.0
4629,275.0
4630,142.0
4631,417.0
4633,227.66666666666666
4635,83.0
4636,116.5
4637,197.0
4638,108.0
4639,197.0
4640,87.0
4641,377.0
4642,303.0
4643,383.5
4644,479.0
4645,456.0
4647,204.0
4648,238.5
4649,190.0
4650,349.5
4651,59.0
4652,363.0
4653,201.33333333333334
4654,231.0
4655,366.0
4657,416.0
4658,152.5
4661,305.5
4663,218.5
4665,213.0
4666,254.0
4667,253.0
4669,306.0
4671,143.0
4673,124.0
4674,365.0
4676,321.0
4681,272.5
4682,375.0
4683,197.0
4685,310.0
4687,190.5
4689,208.0
4690,181.33333333333334
4691,178.0
4692,313.5
4693,45.333333333333336
4695,264.5
4696,296.0
4697,27.0
4698,326.0
4702,438.0
4707,94.0
4710,217.5
4711,278.6
4712,269.0
4713,146.0
4714,103.0
4715,347.0
4717,446.0
4718,200.0
4720,83.5
4722,339.0
4723,233.0
4726,132.0
4729,310.0
4731,259.6
4732,382.0
4733,299.0
4737,146.0
4738,443.0
4739,161.0
4740,123.0
4741,273.0
4742,464.0
4743,154.0
4744,95.0
4745,248.0
4746,465.0
4747,252.0
4749,128.0
4750,19.0
4752,233.0
4753,306.0
4755,270.0
4756,280.5
4757,271.0
4758,345.0
4759,290.0
4760,262.0
4761,320.5
4762,45.5
4763,283.0
4764,50.0
4765,242.0
4767,308.3333333333333
4769,266.0
4770,225.66666666666666
4771,130.0
4772,63.0
4773,138.0
4774,448.0
4777,309.0
4778,133.0
4780,336.5
4782,74.0
4783,215.0
4784,498.0
4786,286.4
4787,481.0
4788,103.5
4789,176.5
4790,453.0
4792,357.5
4794,331.0
4795,171.33333333333334
4797,362.0
4798,283.0
4799,375.0
4800,424.0
4801,81.5
4803,92.0
4805,115.5
4806,201.0
4807,408.0
4812,14.0
4813,440.0
4815,244.0
4817,216.5
4819,266.6666666666667
4820,468.0
4822,302.3333333333333
4823,424.0
4825,477.0
4826,388.0
4828,366.5
4829,359.0
4830,266.0
4831,211.0
4832,459.0
4834,199.33333333333334
4836,324.0
4837,176.0
4838,122.0
4839,296.3333333333333
4841,350.5
4842,462.5
4843,239.5
4844,393.25
4845,170.5
4846,190.5
4849,256.8
4851,261.5
4853,322.6666666666667
4856,163.0
4858,319.6666666666667
4859,73.0
4860,393.5
4861,428.0
4862,184.0
4863,212.8
4864,237.0
4866,128.0
4867,261.5
4871,37.0
4872,305.0
4874,215.0
4875,398.0
4877,498.0
4882,336.5
4883,250.5
4885,323.5
4887,248.0
4888,234.5
4889,265.0
4890,85.0
4891,282.0
4892,464.0
4893,188.0
4894,266.0
4895,394.0
4897,41.0
4898,467.5
4899,57.0
4901,227.0
4903,331.0
4904,205.2
4905,329.0
4906,280.0
4907,318.5
4908,63.0
4909,118.0
4910,34.0
4912,429.0
4913,286.6666666666667
4914,225.0
4915,307.6666666666667
4916,99.0
4917,313.0
4918,109.0
4919,278.6666666666667
4923,218.0
4924,267.0
4926,395.0
4927,487.5
4928,159.0
4930,196.0
4932,266.0
4933,182.5
4935,110.0
4936,465.0
4938,125.25
4940,236.0
4943,8.0
4944,402.0
4945,245.0
4946,38.5
4947,288.0
4950,234.0
4951,410.0
4952,324.0
4953,297.0
4954,144.5
4955,251.66666666666666
4956,193.0
4957,101.0
4958,326.0
4960,81.0
4961,498.0
4963,289.0
4964,223.0
4966,186.0
4967,229.0
4968,40.0
4969,498.0
4970,187.0
4971,271.0
4972,10.0
4973,257.6666666666667
4975,231.0
4977,470.0
4979,412.0
4980,213.0
4982,31.0
4983,119.5
4984,382.0
4986,316.6666666666667
4987,217.0
4988,185.33333333333334
4989,68.0
4990,272.0
4991,118.25
4992,272.0
4994,53.0
4995,343.0
4996,298.0
4997,295.0
4998,228.5
5000,336.0
5001,59.0
5002,334.3333333333333
5003,191.0
5004,99.0
5005,184.0
5008,490.0
5009,125.0
5010,295.0
5011,285.0
5012,78.0
5013,185.0
5014,33.5
5017,422.0
5019,276.0
5020,221.5
5021,428.0
5023,255.33333333333334
5024,124.5
5026,266.5
5027,315.0
5028,392.0
5029,138.0
5031,460.0
5032,421.0
5033,82.5
5034,251.0
5036,344.0
5038,427.0
5039,315.0
5040,2.0
5043,413.0
5044,87.0
5046,225.0
5047,254.5
5050,213.33333333333334
5051,286.0
5052,323.0
5053,180.0
5057,282.5
5059,456.5
5062,234.5
5063,327.0
5067,187.33333333333334
5072,25.0
5073,278.5
5074,279.0
5076,97.0
5077,425.5
5078,25.0
5080,233.5
5081,152.0
5084,284.0
5085,456.0
5088,19.0
5089,241.0
5090,280.0
5091,187.5
5093,211.0
5094,241.0
5095,332.5
5097,276.3333333333333
5099,195.0
5100,190.0
5101,160.0
5102,57.0
5104,359.5
5106,77.0
5107,119.0
5108,22.0
5109,305.0
5112,161.5
5113,50.0
5116,270.0
5118,384.0
5119,489.0
5120,295.0
5121,183.0
5122,494.0
5123,158.5
5124,379.0
5125,379.0
5126,120.0
5129,271.5
5130,233.0
5131,44.0
5133,111.5
5134,272.0
5136,166.0
5137,94.5
5143,205.5
5144,344.5
5145,249.0
5146,109.0
5147,244.0
5149,197.0
5150,498.0
5151,138.0
5152,163.5
5153,20.0
5154,440.0
5155,138.0
5156,459.0
5158,234.0
5159,447.0
5162,384.0
5163,200.0
5165,279.0
5166,274.5
5168,149.5
5170,197.0
5171,494.0
5172,383.5
5173,128.0
5174,83.0
5175,303.0
5177,444.0
5179,155.5
5181,273.0
5182,258.0
5183,228.33333333333334
5185,371.0
5186,145.0
5187,89.0
5188,8.0
5190,35.0
5192,427.5
5193,144.0
5194,26.0
5195,222.0
5196,218.0
5197,317.0
5198,78.0
5199,181.0
5201,300.0
5205,209.0
5207,308.0
5209,292.0
5210,143.0
5212,221.0
5214,448.0
5215,363.3333333333333
5217,247.0
5219,177.66666666666666
5221,245.0
5226,108.5
5227,251.0
5228,228.0
5229,228.0
5230,483.0
5231,340.0
5232,85.0
5233,413.0
5234,144.0
5235,42.0
5236,416.0
5237,292.0
5238,172.0
5239,60.0
5241,431.0
5242,416.0
5243,189.5
5244,220.5
5245,218.0
5246,198.0
5247,60.0
5250,270.5
5251,295.5
5252,289.0
5253,170.0
5254,170.0
5257,235.0
5259,271.0
5261,264.0
5262,278.0
5265,163.0
5267,217.0
5269,213.0
5270,402.0
5272,72.0
5274,421.0
5275,244.0
5276,221.0
5278,484.0
5279,219.0
5283,490.0
5284,325.0
5287,216.5
5288,284.0
5289,205.5
5291,421.0
5292,365.6666666666667
5293,278.5
5294,300.0
5296,12.0
5298,322.0
5299,343.3333333333333
5300,234.0
5301,33.0
5302,194.0
5304,53.0
5305,199.33333333333334
5307,321.5
5308,211.0
5309,321.0
5310,73.0
5311,440.5
5313,177.0
5314,168.0
5315,22.0
5316,348.0
5318,395.0
5319,268.6666666666667
5321,490.0
5323,460.0
5324,280.0
5327,84.0
5328,340.5
5329,32.0
5331,213.5
5332,434.0
5334,461.0
5335,190.0
5337,82.5
5339,305.6
5340,177.0
5341,389.0
5342,328.0
5343,477.0
5344,414.5
5345,28.0
5346,81.0
5347,293.5
5348,423.0
5349,170.5
5350,317.5
5355,285.3333333333333
5356,308.0
5357,75.0
5359,251.0
5360,356.0
5363,26.0
5364,56.0
5365,319.0
5366,335.5
5367,354.0
5368,390.0
5371,219.5
5372,195.5
5373,44.0
5375,86.0
5376,218.0
5378,380.6666666666667
5380,151.5
5381,304.0
5383,88.0
5384,253.66666666666666
5385,308.0
5386,339.0
5387,160.0
5388,83.0
5389,234.0
5390,252.0
5391,147.0
5394,373.0
5396,133.0
5397,213.0
5398,406.0
5401,201.0
5402,90.0
5405,405.0
5406,280.3333333333333
5408,30.0
5409,326.3333333333333
5410,203.5
5411,338.0
5412,37.0
5413,91.0
5414,405.5
5416,264.0
5417,228.0
5418,397.0
5419,248.0
5420,141.0
5421,53.0
5423,153.5
5424,448.0
5425,467.5
5427,262.3333333333333
5429,402.0
5431,323.0
5432,358.0
5433,377.5
5434,196.66666666666666
5435,278.0
5436,191.0
5440,279.5
5441,154.0
5442,279.0
5443,295.5
5444,257.0
5446,359.0
5449,271.0
5450,200.0
5451,297.0
5452,215.0
5454,368.0
5456,270.0
5458,6.0
5459,449.0
5460,339.5
5461,389.0
5462,257.0
5464,435.3333333333333
5468,281.3333333333333
5471,51.0
5472,381.6666666666667
5475,214.0
5476,183.0
5477,177.25
5479,421.0
5480,28.0
5482,188.5
5483,94.0
5484,30.0
5486,125.0
5488,287.0
5490,352.0
5491,269.5
5492,364.0
5494,178.6
5495,49.0
5496,182.5
5499,239.0
5501,88.5
5503,227.5
5505,189.0
5507,305.0
5508,190.5
5510,383.0
5511,39.0
5512,124.5
5514,425.5
5516,472.0
5517,214.0
5518,189.66666666666666
5520,185.0
5522,169.33333333333334
5524,246.33333333333334
5525,386.0
5526,344.0
5527,295.0
5530,279.0
5531,246.0
5532,200.0
5533,214.0
5535,87.66666666666667
5537,98.0
5538,293.0
5539,480.0
5540,334.0
5541,364.0
5543,247.2
5545,289.5
5546,284.3333333333333
5547,433.0
5548,189.0
5551,255.25
5552,298.3333333333333
5553,169.0
5554,84.5
5558,282.0
5559,380.0
5561,295.0
5563,380.0
5564,120.0
5566,474.0
5568,192.0
5571,158.0
5572,210.0
5575,162.0
5576,393.0
5577,477.5
5578,130.5
5579,235.0
5580,106.0
5582,88.33333333333333
5583,167.0
5584,219.0
5585,245.0
5586,117.0
5587,47.0
5588,3.0
5589,374.0
5592,193.0
5595,282.0
5596,18.0
5597,259.0
5598,384.0
5599,182.5
5600,44.0
5602,481.0
5603,146.0
5604,339.0
5608,292.0
5610,154.5
5612,83.0
5613,249.0
5614,98.0
5615,95.0
5616,418.5
5617,298.0
5619,312.5
5620,297.0
5622,220.33333333333334
5623,285.0
5624,298.0
5625,169.0
5626,442.0
5627,315.0
5628,80.0
5630,449.0
5637,180.5
5638,318.5
5641,124.0
5642,426.0
5643,287.0
5644,417.0
5645,351.5
5646,152.0
5647,105.0
5649,353.0
5651,60.0
5652,199.0
5654,33.0
5655,479.0
5656,293.0
5659,63.0
5660,366.0
5661,280.5
5663,178.0
5664,12.0
5667,53.0
5668,47.0
5669,488.0
5670,292.8
5671,169.5
5673,162.5
5674,92.0
5676,398.0
5680,292.0
5681,314.5
5682,402.0
5683,447.0
5684,216.0
5687,317.5
5690,325.0
5691,327.6666666666667
5694,137.25
5695,122.0
5697,425.0
5698,54.0
5699,355.0
5700,157.0
5704,352.0
5705,416.0
5706,284.0
5707,293.0
5710,114.0
5712,127.0
5713,343.0
5714,235.0
5716,284.0
5717,324.0
5718,290.5
5719,405.5
5721,227.5
5722,171.5
5724,237.0
5725,444.0
5726,386.6666666666667
5727,50.0
5728,116.0
5729,381.0
5731,94.0
5732,293.0
5733,339.0
5734,256.0
5735,301.0
5736,182.0
5737,80.0
5738,148.5
5739,187.0
5740,316.5
5741,365.0
5742,127.0
5745,330.0
5746,207.33333333333334
5747,182.5
5749,314.0
5751,159.0
5754,176.0
5755,62.0
5757,447.0
5758,251.0
5760,40.0
5761,229.0
5762,268.0
5763,307.0
5765,212.0
5766,313.0
5768,232.0
5770,380.0
5771,316.0
5772,225.0
5773,437.0
5775,312.0
5776,314.0
5777,87.0
5778,81.0
5779,355.0
5781,61.0
5782,200.5
5783,242.66666666666666
5784,306.0
5785,260.0
5786,276.0
5788,199.0
5789,267.0
5790,483.0
5792,57.0
5793,443.0
5794,76.0
5795,481.0
5797,189.0
5798,232.0
5799,234.33333333333334
5800,194.0
5801,466.0
5806,197.0
5807,201.25
5808,259.5
5809,214.0
5810,321.0
5812,406.0
5813,280.0
5814,207.5
5815,367.3333333333333
5818,133.0
5819,316.0
5820,376.0
5821,327.0
5822,431.0
5823,252.33333333333334
5825,462.0
5826,170.0
5827,337.0
5828,122.0
5830,248.66666666666666
5833,458.0
5834,380.5
5835,227.0
5836,432.0
5837,189.0
5838,340.0
5839,416.0
5840,307.0
5842,184.0
5843,151.0
5844,272.0
5845,252.8
5848,288.6666666666667
5851,392.5
5856,229.0
5858,208.0
5860,258.5
5861,17.0
5862,484.5
5864,135.33333333333334
5865,157.0
5868,397.0
5869,229.33333333333334
5870,464.0
5874,114.0
5877,336.6666666666667
5878,444.0
5879,410.0
5882,129.0
5884,378.5
5885,438.0
5887,199.0
5890,44.5
5891,29.0
5892,145.0
5893,419.0
5896,334.0
5897,337.3333333333333
5898,190.25
5899,149.0
5900,295.0
5901,285.0
5902,160.0
5903,197.0
5904,251.0
5907,352.25
5910,48.5
5912,411.5
5913,496.0
5914,331.0
5916,240.0
5918,81.0
5920,249.0
5922,300.0
5924,312.0
5925,467.0
5926,18.0
5927,250.5
5928,283.0
5930,164.0
5931,387.0
5934,258.0
5936,418.0
5937,280.0
5938,280.0
5940,118.0
5942,378.0
5943,241.25
5945,294.0
5946,60.0
5948,316.0
5949,287.3333333333333
5950,179.5
5951,296.0
5952,393.0
5953,292.75
5954,212.5
5955,146.0
5956,419.0
5957,443.0
5958,375.0
5959,165.0
5960,224.0
5961,219.0
5963,193.0
5966,98.0
5967,205.0
5969,223.5
5970,309.5
5972,191.0
5973,91.0
5974,455.0
5976,159.0
5977,22.0
5978,233.0
5979,390.0
5981,177.0
5982,466.0
5983,181.0
5985,254.0
5986,314.0
5987,52.0
5989,281.0
5990,359.0
5991,346.75
5992,62.0
5993,196.0
5994,96.0
5995,316.5
5996,312.0
5997,305.0
5998,99.0
5999,191.75
6000,122.5
6001,233.0
6002,319.3333333333333
6004,466.0
6007,320.0
6008,256.0
6010,105.0
6011,407.0
6012,365.0
6013,281.5
6015,143.5
6017,170.0
6018,141.0
6020,92.0
6021,254.5
6022,202.33333333333334
6024,338.5
6025,10.0
6026,318.0
6027,473.0
6028,109.0
6030,287.25
6031,150.0
6033,120.0
6039,260.5
6040,456.0
6041,282.6666666666667
6043,161.0
6044,406.0
6045,382.0
6046,273.0
6049,338.0
6050,248.0
6053,110.0
6054,212.66666666666666
6055,323.0
6056,46.0
6057,315.0
6058,149.0
6059,15.0
6060,183.0
6062,471.0
6065,344.0
6067,447.0
6068,234.0
6070,481.0
6071,269.0
6074,309.0
6076,37.0
6078,407.0
6079,418.0
6081,190.75
6082,319.5
6083,295.0
6084,62.0
6085,379.0
6087,173.33333333333334
6088,24.0
6089,220.0
6090,228.0
6091,445.0
6092,36.0
6097,108.0
6098,317.0
6099,59.0
6101,252.5
6102,76.0
6103,267.0
6104,391.0
6106,357.0
6107,176.0
6108,59.0
6109,324.0
6110,319.0
6111,433.0
6112,129.66666666666666
6113,234.0
6115,193.5
6116,116.0
6117,261.0
6118,133.0
6121,139.0
6122,308.5
6123,256.5
6125,225.5
6127,393.0
6128,233.0
6129,182.0
6130,409.0
6131,263.5
6132,408.0
6133,69.0
6135,104.0
6137,370.0
6138,218.5
6139,213.5
6140,3.0
6141,217.0
6143,358.0
6144,136.0
6146,205.75
6147,52.5
6148,384.0
6149,498.0
6151,217.5
6153,432.0
6154,136.0
6155,232.0
6157,320.0
6158,174.0
6159,487.0
6161,98.5
6165,389.5
6168,245.0
6169,201.33333333333334
6170,363.5
6171,324.0
6172,455.0
6174,209.25
6175,331.0
6176,385.0
6177,251.5
6178,36.0
6179,32.0
6180,91.0
6182,223.5
6184,362.0
6186,192.5
6188,127.5
6189,448.0
6191,268.0
6192,226.0
6193,243.0
6194,392.0
6195,102.0
6196,225.5
6197,320.0
6199,219.0
6200,102.0
6201,317.0
6202,66.0
6203,12.0
6206,305.0
6207,382.0
6210,427.0
6211,255.0
6212,229.0
6215,487.0
6216,164.0
6217,194.0
6218,366.5
6219,123.0
6221,301.0
6222,274.0
6223,245.5
6227,263.0
6228,319.5
6229,146.0
6230,95.0
6231,432.0
6232,399.0
6233,234.0
6234,411.0
6235,393.0
6236,6.0
6238,69.0
6239,85.0
6240,312.0
6241,158.25
6242,131.0
6243,228.0
6244,396.0
6245,117.0
6246,374.0
6248,213.0
6250,116.0
6255,322.0
6256,186.5
6257,460.0
6259,323.6666666666667
6260,248.0
6261,445.0
6263,164.0
6264,148.5
6265,88.0
6266,235.0
6267,110.5
6269,361.5
6270,4.0
6271,203.0
6272,184.5
6273,117.0
6274,43.0
6275,163.2
6276,164.0
6277,391.0
6278,451.0
6280,340.0
6281,251.66666666666666
6282,280.0
6283,331.0
6284,133.66666666666666
6285,34.0
6286,234.0
6290,233.0
6291,300.0
6292,336.6666666666667
6293,323.0
6294,239.0
6295,232.0
6297,86.0
6298,147.0
6300,267.6666666666667
6301,146.0
6303,488.0
6308,482.0
6309,131.0
6312,191.0
6313,338.0
6314,26.666666666666668
6315,149.0
6317,484.0
6318,146.0
6321,2.0
6323,325.0
6324,362.5
6327,233.0
6329,15.0
6330,248.75
6331,403.0
6332,425.0
6334,261.0
6335,316.0
6336,151.0
6338,463.0
6340,254.5
6343,275.5
6344,199.0
6346,183.5
6347,460.0
6349,317.5
6350,216.0
6351,96.0
6352,209.25
6353,272.0
6354,158.0
6356,323.25
6360,21.0
6361,463.0
6362,165.0
6363,159.0
6364,198.0
6365,392.0
6366,336.5
6368,419.0
6370,380.5
6371,174.0
6374,321.0
6375,275.0
6376,390.0
6378,116.0
6380,390.0
6381,485.0
6384,235.5
6388,117.0
6389,19.0
6392,22.0
6393,123.5
6394,434.0
6395,437.0
6396,462.0
6397,336.5
6398,173.0
6400,359.0
6401,52.0
6402,356.0
6403,122.0
6404,44.0
6405,277.0
6406,387.0
6407,242.0
6409,150.0
6410,300.3333333333333
6411,102.5
6414,4.0
6415,272.0
6417,354.0
6418,274.5
6420,100.33333333333333
6423,431.0
6424,57.0
6426,462.0
6428,194.5
6431,365.5
6432,13.0
6434,252.33333333333334
6435,44.0
6437,240.2
6438,109.0
6439,357.0
6440,120.0
6441,416.0
6442,225.0
6443,98.0
6446,77.0
6447,135.0
6448,220.0
6450,153.66666666666666
6451,166.0
6453,449.0
6454,139.0
6455,224.0
6457,267.0
6459,245.0
6460,67.5
6461,487.0
6465,208.6
6467,282.5
6468,107.0
6469,218.0
6470,280.6666666666667
6471,157.33333333333334
6473,306.25
6474,320.0
6475,72.5
6476,259.0
6477,127.0
6479,278.0
6481,27.0
6483,157.0
6484,274.0
6485,206.5
6486,423.0
6487,311.5
6488,143.0
6489,313.0
6490,266.0
6491,225.0
6492,236.5
6494,166.5
6495,198.0
6496,417.5
6498,213.0
6499,259.0
6500,320.5
6502,232.0
6505,251.5
6506,92.0
6507,313.5
6510,238.5
6515,275.0
6519,138.5
6520,114.5
6521,316.6666666666667
6524,320.5
6526,25.0
6527,341.0
6529,336.0
6530,322.0
6531,215.0
6534,39.0
6537,321.0
6538,425.0
6539,137.0
6540,130.0
6541,47.0
6542,279.5
6543,199.0
6544,121.0
6545,199.5
6546,417.0
6547,268.3333333333333
6548,307.0
6549,268.5
6550,226.5
6551,152.0
6552,217.0
6554,345.0
6555,199.0
6559,265.0
6560,292.0
6561,231.75
6563,130.5
6564,103.0
6565,358.6666666666667
6566,325.0
6567,344.0
6568,287.5
6571,274.0
6572,336.0
6574,169.0
6575,185.33333333333334
6576,16.0
6577,253.0
6578,333.0
6581,108.5
6582,279.6666666666667
6583,66.0
6584,401.0
6585,170.0
6588,210.5
6590,496.0
6591,388.0
6592,378.0
6593,328.0
6594,165.25
6595,410.0
6596,201.0
6597,424.0
6598,388.0
6599,177.0
6600,278.0
6601,295.0
6602,282.0
6604,154.0
6606,95.0
6608,86.0
6609,244.0
6610,451.0
6611,5.0
6613,394.5
6614,106.0
6615,484.0
6617,461.0
6618,164.0
6619,379.5
6620,424.0
6621,323.0
6624,19.0
6625,223.33333333333334
6626,88.0
6627,421.0
6628,343.0
6629,166.66666666666666
6630,273.0
6631,208.0
6632,334.0
6633,92.0
6634,198.66666666666666
6635,86.0
6636,118.0
6637,247.0
6638,221.0
6639,309.0
6646,193.66666666666666
6648,384.6666666666667
6649,145.0
6650,233.0
6651,239.0
6652,187.0
6654,426.0
6656,157.0
6657,268.0
6661,429.0
6662,341.0
6663,347.0
6667,83.0
6671,271.0
6672,394.5
6674,400.0
6675,290.0
6676,313.0
6678,165.75
6681,213.0
6682,178.25
6683,170.75
6684,404.5
6685,267.0
6686,12.0
6688,265.0
6689,65.5
6690,228.66666666666666
6692,225.0
6693,340.0
6695,105.5
6696,100.0
6697,172.0
6699,196.0
6700,305.3333333333333
6702,294.0
6703,406.5
6704,284.5
6705,222.0
6706,384.0
6707,100.33333333333333
6708,112.0
6709,343.5
6710,105.0
6711,284.3333333333333
6712,254.0
6713,446.0
6714,226.0
6715,349.0
6716,183.0
6717,207.33333333333334
6718,253.0
6720,351.0
6721,25.0
6722,180.33333333333334
6724,355.5
6726,74.0
6727,21.0
6728,274.5
6730,44.0
6731,309.5
6734,150.0
6735,389.5
6737,329.0
6738,141.0
6739,219.0
6740,244.5
6743,73.0
6745,101.0
6747,404.0
6749,317.0
6751,131.0
6752,5.0
6753,447.5
6754,316.5
6757,466.0
6758,224.0
6759,57.0
6763,88.0
6764,303.25
6765,428.0
6767,293.0
6768,109.0
6770,468.0
6772,303.0
6773,99.0
6774,245.75
6775,196.0
6776,305.3333333333333
6777,369.5
6778,412.0
6780,219.0
6781,187.0
6782,153.0
6783,130.5
6786,306.5
6788,319.0
6789,470.0
6791,226.5
6792,1.0
6793,464.0
6795,253.0
6797,259.0
6798,256.0
6800,58.0
6801,190.0
6802,318.5
6803,265.0
6806,201.0
6807,291.0
6808,457.0
6810,151.0
6811,287.0
6812,259.0
6813,308.0
6814,268.0
6816,415.0
6817,192.0
6820,212.66666666666666
6823,391.0
6824,251.5
6825,133.0
6826,154.0
6828,131.33333333333334
6829,83.5
6832,202.33333333333334
6833,261.0
6835,349.0
6836,136.0
6837,227.0
6838,390.0
6839,243.0
6840,124.5
6841,332.0
6842,289.6666666666667
6843,61.0
6844,237.0
6845,139.5
6847,335.0
6848,107.0
6849,159.0
6850,81.0
6851,468.0
6852,279.0
6853,430.0
6855,165.0
6856,301.0
6857,392.0
6859,69.0
6862,283.0
6865,352.0
6866,299.0
6867,455.0
6869,237.0
6870,119.0
6872,201.0
6874,112.0
6875,279.5
6876,276.5
6878,151.0
6879,175.0
6880,26.0
6881,318.5
6882,297.6666666666667
6883,172.5
6885,198.0
6887,307.0
6888,335.0
6891,143.0
6892,253.33333333333334
6893,387.0
6894,29.0
6895,385.0
6896,276.0
6897,244.5
6898,149.0
6901,252.25
6902,332.5
6904,471.0
6905,304.0
6906,430.0
6908,152.0
6909,299.3333333333333
6910,115.0
6912,244.5
6913,341.5
6915,88.0
6916,218.0
6917,188.75
6918,188.33333333333334
6919,499.0
6920,166.5
6922,368.0
6923,180.0
6924,366.0
6925,300.5
6926,262.0
6927,419.0
6930,183.0
6931,90.0
6932,256.0
6933,247.5
6934,201.0
6935,287.5
6936,7.0
6937,224.5
6938,344.0
6939,264.0
6940,348.5
6941,345.0
6944,126.0
6945,148.0
6946,181.0
6947,455.5
6948,105.5
6949,352.5
6950,59.0
6951,35.0
6952,399.0
6953,435.0
6954,197.0
6955,373.0
6956,193.0
6958,451.0
6959,429.0
6961,392.3333333333333
6962,60.0
6963,262.0
6964,293.0
6965,390.0
6966,202.66666666666666
6967,203.5
6969,182.5
6970,341.0
6971,158.5
6975,399.0
6977,205.66666666666666
6978,39.0
6979,183.0
6981,198.33333333333334
6982,68.0
6984,406.0
6985,344.3333333333333
6986,429.0
6988,7.0
6989,243.0
6990,133.0
6991,414.0
6993,17.0
6994,132.5
6995,270.0
6996,105.0
6997,394.0
6998,228.0
6999,204.0
7000,310.6666666666667
7003,281.0
7004,189.0
7005,232.0
7006,159.25
7007,426.0
7008,78.0
7009,140.0
7011,2.0
7012,98.0
7013,11.0
7014,279.0
7015,354.0
7016,241.5
7018,355.0
7020,235.0
7022,401.0
7024,372.0
7025,252.0
7026,244.0
7028,152.0
7030,170.0
7032,224.33333333333334
7034,324.0
7036,269.0
7039,137.0
7042,198.5
7043,44.0
7044,395.5
7045,219.0
7046,204.0
7047,59.5
7048,244.0
7049,432.0
7050,37.0
7052,92.0
7053,268.0
7054,289.0
7055,446.0
7056,108.5
7057,11.0
7058,342.5
7059,421.5
7060,293.4
7061,279.0
7062,176.0
7063,323.3333333333333
7064,155.5
7065,367.0
7067,304.0
7069,455.0
7070,230.5
7072,266.3333333333333
7073,241.0
7074,306.0
7075,349.0
7076,255.5
7077,162.0
7078,165.66666666666666
7080,322.6666666666667
7081,489.0
7082,102.0
7083,405.0
7086,182.0
7088,220.0
7090,249.33333333333334
7091,172.0
7094,253.25
7095,173.0
7099,354.0
7101,481.0
7102,387.5
7103,277.0
7104,414.5
7106,157.0
7107,385.0
7108,178.0
7109,401.0
7111,293.0
7112,272.0
7113,211.0
7114,70.0
7115,291.0
7117,273.5
7118,79.5
7120,320.0
7121,428.0
7122,47.0
7123,199.33333333333334
7124,408.0
7126,215.5
7128,415.0
7130,164.0
7131,157.0
7132,223.0
7133,225.66666666666666
7134,186.5
7135,320.0
7136,219.5
7137,94.0
7139,155.0
7140,289.5
7142,211.0
7144,102.0
7145,82.5
7146,83.0
7147,132.5
7149,292.0
7150,224.33333333333334
7151,366.0
7152,281.6666666666667
7156,100.0
7159,37.0
7160,217.0
7162,166.5
7163,228.0
7165,365.75
7166,273.25
7167,346.0
7170,403.0
7171,422.0
7172,30.0
7173,240.0
7174,191.6
7175,270.5
7177,342.3333333333333
7179,146.25
7181,126.0
7183,48.0
7186,113.0
7187,146.0
7188,335.0
7189,248.5
7190,208.5
7191,76.0
7192,314.0
7193,183.5
7194,190.0
7195,267.6666666666667
7196,221.0
7198,231.0
7199,154.0
7202,116.5
7203,126.0
7204,394.0
7207,497.0
7208,290.3333333333333
7211,148.0
7212,206.0
7213,175.0
7214,466.0
7215,305.0
7216,205.5
7217,244.0
7218,185.5
7219,257.0
7220,148.5
7221,120.0
7222,431.0
7223,454.5
7224,266.3333333333333
7225,258.0
7227,158.5
7229,275.0
7230,266.0
7232,407.0
7233,154.0
7235,443.0
7236,221.0
7237,250.0
7240,266.5
7241,293.0
7245,495.0
7247,467.0
7249,201.0
7251,445.5
7252,133.0
7253,278.0
7255,291.0
7257,309.0
7258,325.0
7259,352.5
7261,248.0
7262,92.0
7263,154.66666666666666
7264,462.0
7265,470.0
7266,452.0
7270,405.0
7272,303.0
7273,354.0
7274,119.0
7276,107.0
7277,316.0
7278,390.5
7279,235.66666666666666
7280,156.0
7281,176.0
7282,265.5
7283,324.3333333333333
7284,386.5
7285,222.0
7286,226.33333333333334
7287,189.0
7288,295.0
7290,189.0
7292,271.3333333333333
7293,365.0
7294,60.0
7295,117.66666666666667
7296,242.25
7297,243.0
7298,294.0
7299,372.0
7300,405.0
7301,223.25
7302,334.5
7303,244.0
7304,357.0
7305,87.0
7306,303.0
7307,359.0
7308,112.0
7309,419.0
7310,329.0
7311,357.0
7312,80.0
7313,60.0
7314,460.0
7315,171.66666666666666
7318,468.0
7319,371.0
7323,272.5
7324,179.0
7326,65.0
7327,119.0
7329,35.0
7331,48.0
7332,256.0
7333,256.0
7334,474.0
7335,168.0
7336,294.5
7337,233.0
7341,84.0
7343,345.0
7344,119.0
7345,302.6666666666667
7347,200.66666666666666
7348,346.0
7349,334.3333333333333
7350,251.0
7352,348.0
7353,416.0
7354,223.0
7362,491.0
7363,223.66666666666666
7364,340.0
7365,354.5
7366,162.5
7368,322.3333333333333
7369,476.0
7370,342.0
7371,312.5
7372,227.0
7373,316.0
7375,37.0
7378,303.0
7379,151.33333333333334
7380,212.0
7381,135.5
7382,245.5
7383,278.0
7384,129.0
7385,460.0
7386,387.0
7388,59.0
7391,296.0
7392,58.0
7393,269.0
7394,184.0
7398,406.5
7399,250.0
7400,279.5
7401,267.0
7402,276.0
7403,379.0
7404,381.0
7407,212.0
7409,182.0
7410,282.0
7411,401.0
7412,96.5
7414,147.5
7416,223.66666666666666
7418,309.0
7419,239.0
7420,36.0
7421,92.0
7423,253.0
7424,356.6666666666667
7425,241.25
7426,295.0
7428,295.0
7429,158.0
7430,41.0
7431,383.0
7433,356.6666666666667
7434,360.0
7435,288.0
7436,268.0
7440,330.0
7442,126.66666666666667
7443,234.66666666666666
7444,226.0
7445,450.0
7446,277.5
7448,472.0
7451,368.5
7452,194.75
7455,8.0
7456,43.0
7457,247.66666666666666
7458,349.0
7459,294.5
7460,301.0
7461,399.0
7462,340.0
7463,176.0
7464,225.5
7465,255.5
7467,43.0
7469,121.5
7470,131.0
7471,119.0
7472,120.0
7473,452.0
7474,62.0
7475,312.5
7476,354.0
7477,223.0
7479,97.0
7481,156.0
7482,226.25
7483,448.0
7484,53.0
7485,332.0
7486,396.0
7490,317.0
7491,5.0
7492,29.0
7493,119.0
7494,310.6666666666667
7495,22.0
7496,177.0
7499,103.0
7503,357.0
7504,107.0
7505,315.5
7506,114.0
7508,332.0
7509,205.66666666666666
7510,295.5
7511,29.0
7513,136.0
7514,132.0
7515,194.0
7516,31.0
7517,348.0
7520,357.0
7521,211.5
7523,250.0
7524,108.0
7525,227.0
7526,332.5
7527,93.0
7529,175.0
7532,444.0
7536,303.0
7537,258.0
7538,224.5
7539,219.0
7540,205.5
7542,256.0
7545,303.0
7546,344.5
7548,380.0
7549,6.0
7550,186.33333333333334
7554,380.0
7555,22.0
7556,383.0
7557,320.0
7558,241.33333333333334
7559,385.5
7561,188.0
7563,261.0
7564,100.0
7566,386.0
7568,367.0
7569,346.0
7570,203.5
7571,489.0
7573,319.5
7574,370.0
7575,315.0
7577,266.0
7579,305.0
7581,34.0
7582,150.0
7583,317.0
7584,434.0
7585,143.0
7586,140.0
7587,423.5
7588,345.5
7589,444.0
7590,68.0
7592,257.5
7594,278.0
7595,122.0
7597,206.0
7601,297.0
7602,283.0
7603,337.6666666666667
7604,484.0
7605,50.0
7607,171.0
7608,117.0
7609,418.0
7610,254.0
7613,293.0
7615,207.0
7616,248.0
7621,11.0
7623,169.0
7624,245.33333333333334
7625,309.3333333333333
7626,210.0
7627,408.0
7629,235.5
7631,334.0
7635,349.0
7636,310.5
7637,480.0
7638,291.5
7639,42.0
7641,181.75
7642,292.5
7643,468.0
7644,352.3333333333333
7645,321.0
7646,52.0
7647,396.0
7648,256.5
7649,157.5
7650,168.5
7651,494.0
7655,472.0
7656,338.0
7657,170.0
7658,182.0
7659,48.0
7660,372.0
7663,123.0
7664,38.0
7666,248.66666666666666
7667,225.5
7668,78.0
7670,321.0
7672,143.0
7674,484.0
7675,342.0
7676,237.5
7677,83.0
7678,250.0
7679,344.5
7681,67.0
7682,310.0
7683,53.0
7684,262.0
7685,267.5
7686,275.3333333333333
7688,55.0
7689,1.0
7691,277.0
7692,371.0
7693,202.0
7694,456.0
7695,415.0
7696,365.0
7698,250.0
7699,402.0
7703,489.0
7704,241.0
7705,332.0
7706,409.0
7707,204.0
7709,294.0
7710,260.5
7711,354.5
7713,34.0
7714,173.0
7715,333.0
7716,238.33333333333334
7717,257.0
7718,268.0
7722,276.5
7723,256.0
7724,170.66666666666666
7726,398.0
7727,240.5
7729,335.5
7730,220.5
7733,203.0
7736,169.0
7741,85.5
7742,366.0
7743,484.0
7744,310.0
7745,187.0
7747,213.0
7748,136.0
7749,435.0
7750,341.0
7752,184.0
7756,267.8
7760,174.5
7761,174.0
7762,420.0
7763,300.0
7765,248.66666666666666
7766,316.0
7767,397.0
7768,299.0
7769,305.0
7770,475.5
7771,269.0
7773,221.0
7774,255.75
7777,273.0
7778,385.0
7783,245.33333333333334
7784,317.0
7785,172.5
7786,356.0
7787,41.0
7788,214.0
7790,323.0
7791,11.0
7792,283.0
7793,247.0
7794,224.0
7797,193.5
7800,423.0
7801,297.5
7803,274.5
7804,72.0
7805,113.0
7806,458.0
7808,205.0
7809,3.0
7810,374.0
7811,449.0
7812,454.0
7813,494.0
7817,170.5
7818,330.0
7819,32.5
7820,128.66666666666666
7823,225.0
7827,383.0
7829,235.0
7830,387.0
7831,231.0
7832,222.0
7833,458.0
7834,337.6666666666667
7837,311.0
7839,274.6
7840,244.0
7841,208.0
7842,169.0
7845,327.4
7848,227.0
7849,46.0
7851,77.0
7852,150.0
7853,183.0
7855,438.0
7856,462.0
7857,394.0
7858,323.0
7860,208.88888888888889
7861,311.0
7862,246.0
7863,200.0
7864,307.0
7866,322.6666666666667
7869,140.75
7870,252.66666666666666
7871,463.0
7872,387.0
7873,408.0
7874,102.0
7875,336.5
7876,471.5
7877,296.0
7879,310.5
7880,110.0
7882,117.0
7883,88.5
7884,275.0
7885,331.3333333333333
7886,462.0
7887,287.0
7888,72.0
7889,267.0
7891,131.5
7893,428.0
7894,499.0
7895,316.0
7896,419.5
7897,486.0
7898,275.3333333333333
7901,381.0
7902,203.0
7904,94.5
7905,200.0
7907,159.5
7908,140.0
7910,372.0
7911,98.0
7912,382.0
7916,272.0
7917,219.0
7918,174.5
7921,114.5
7923,228.0
7924,153.0
7925,93.0
7926,60.0
7928,4.0
7929,292.0
7930,84.0
7932,411.5
7933,247.0
7935,232.0
7937,66.0
7938,303.0
7940,238.5
7941,353.5
7946,214.0
7947,304.0
7948,158.33333333333334
7949,212.33333333333334
7951,319.5
7952,142.5
7955,204.66666666666666
7956,421.0
7957,151.5
7959,327.0
7960,174.5
7962,312.0
7963,167.0
7965,284.0
7966,444.5
7967,393.0
7969,202.5
7970,153.5
7971,105.0
7973,274.5
7974,60.0
7975,273.0
7976,496.0
7977,484.0
7979,490.0
7980,278.0
7981,362.0
7983,166.0
7986,457.0
7987,312.0
7988,151.0
7989,294.0
7990,318.0
7991,118.5
7993,259.0
7995,198.66666666666666
7997,113.0
7998,174.0
8003,345.0
8005,441.0
8006,263.5
8007,347.0
8008,208.4
8009,41.0
8010,381.75
8012,253.0
8013,195.5
8014,292.0
8015,391.0
8016,97.0
8017,153.0
8018,32.0
8019,296.6666666666667
8020,233.0
8021,241.0
8023,251.5
8024,279.0
8025,203.0
8028,65.0
8029,350.0
8030,358.0
8031,140.0
8032,118.33333333333333
8033,60.0
8035,124.0
8036,315.0
8038,174.5
8039,154.0
8043,150.0
8044,395.0
8045,360.0
8048,211.0
8049,173.0
8050,317.0
8051,362.0
8053,412.5
8057,223.0
8059,323.0
8060,99.0
8061,453.0
8062,56.0
8063,488.0
8064,262.0
8065,24.0
8067,56.0
8069,71.0
8070,17.0
8073,167.0
8074,493.0
8075,268.75
8076,306.0
8077,243.0
8079,475.0
8081,49.0
8084,124.5
8088,361.0
8089,64.0
8090,202.66666666666666
8091,159.5
8092,246.0
8093,268.0
8094,3.0
8098,54.0
8100,329.0
8101,398.0
8102,99.0
8106,93.0
8108,134.0
8112,77.0
8113,139.0
8114,346.6666666666667
8115,287.0
8117,324.0
8120,497.0
8121,240.66666666666666
8124,324.0
8125,374.0
8126,183.0
8127,400.5
8128,28.0
8130,422.0
8132,127.0
8133,166.0
8135,391.0
8136,489.0
8137,450.0
8138,208.0
8139,229.0
8140,236.0
8142,263.0
8143,408.5
8145,401.0
8146,277.0
8147,104.0
8149,274.0
8151,284.0
8153,245.0
8154,53.0
8155,62.0
8156,388.0
8157,237.0
8158,414.0
8159,223.0
8160,33.0
8161,257.0
8162,192.5
8163,248.5
8164,155.0
8166,154.0
8167,343.5
8169,109.0
8173,35.0
8174,212.0
8175,277.5
8178,390.0
8179,219.0
8180,368.0
8181,228.0
8182,267.0
8183,427.0
8184,164.0
8185,335.5
8186,180.0
8187,269.6666666666667
8188,175.0
8189,271.0
8191,363.0
8192,474.0
8193,17.0
8194,307.3333333333333
8197,26.333333333333332
8198,101.0
8199,215.0
8200,316.0
8202,188.25
8204,245.0
8205,140.0
8207,19.0
8209,87.0
8211,9.0
8213,202.0
8214,477.0
8215,123.5
8216,355.0
8218,456.0
8219,254.5
8220,292.0
8222,439.6666666666667
8224,431.0
8225,116.0
8228,192.75
8229,308.0
8232,213.0
8233,175.0
8235,66.0
8236,453.0
8237,234.0
8238,351.0
8239,291.0
8240,267.0
8242,249.0
8245,324.0
8246,185.0
8248,162.33333333333334
8251,309.5
8255,177.0
8257,41.0
8262,347.0
8263,465.0
8264,410.0
8268,306.0
8269,484.0
8270,304.3333333333333
8271,307.0
8272,247.5
8273,3.0
8275,237.0
8276,207.5
8277,215.0
8278,483.0
8280,160.66666666666666
8281,492.0
8284,107.0
8286,420.0
8287,466.0
8289,338.0
8294,36.666666666666664
8295,235.5
8297,412.0
8298,26.0
8299,115.0
8300,210.0
8303,222.0
8305,307.5
8307,260.5
8309,78.0
8311,146.0
8313,115.0
8315,131.0
8316,164.0
8317,347.0
8320,149.0
8323,289.0
8325,359.0
8326,288.6666666666667
8327,151.5
8328,409.0
8329,323.0
8330,177.0
8332,143.0
8333,332.0
8334,208.25
8337,154.0
8338,125.0
8339,83.0
8340,341.0
8341,417.0
8342,197.0
8343,175.0
8344,212.0
8346,175.0
8347,276.3333333333333
8348,311.3333333333333
8349,301.0
8350,130.0
8351,259.0
8352,497.0
8353,119.5
8355,352.0
8356,167.0
8357,41.0
8360,229.0
8361,405.0
8363,393.0
8364,451.0
8365,138.0
8366,390.0
8368,387.0
8369,364.0
8370,137.0
8371,204.0
8374,375.0
8376,110.5
8377,339.0
8378,112.0
8379,227.0
8382,241.5
8383,35.0
8387,186.0
8388,374.0
8389,87.0
8390,348.0
8391,477.0
8392,172.0
8393,391.0
8394,335.0
8396,334.0
8402,286.0
8404,233.0
8405,144.5
8408,100.5
8409,173.0
8410,259.5
8412,250.0
8413,297.75
8414,240.0
8415,136.0
8416,372.0
8417,149.33333333333334
8418,268.0
8422,489.0
8425,371.0
8426,8.0
8427,6.0
8429,352.6666666666667
8433,170.0
8434,162.0
8435,381.0
8437,420.0
8439,168.33333333333334
8440,411.0
8443,115.0
8445,258.0
8447,359.6666666666667
8449,336.75
8451,129.0
8454,73.0
8456,36.0
8457,110.0
8458,270.0
8460,143.33333333333334
8462,200.5
8463,394.0
8465,163.0
8466,486.0
8469,243.33333333333334
8470,455.5
8471,391.0
8472,443.0
8473,152.0
8474,440.0
8475,381.0
8476,414.0
8480,364.0
8481,270.0
8483,60.0
8485,252.0
8487,196.5
8488,442.5
8489,54.0
8490,67.0
8491,76.0
8492,134.0
8493,175.5
8494,61.0
8496,237.0
8497,460.0
8498,273.0
8500,279.0
8503,314.0
8505,127.0
8506,234.5
8507,200.0
8508,17.0
8509,431.0
8511,163.0
8512,333.0
8514,89.0
8515,207.0
8516,297.3333333333333
8518,208.0
8519,248.0
8520,449.5
8522,38.0
8523,306.0
8525,337.0
8526,480.0
8527,174.0
8529,207.0
8530,376.5
8531,265.0
8532,144.0
8534,330.0
8536,459.5
8537,477.0
8538,113.0
8539,304.6666666666667
8541,496.0
8543,222.0
8546,114.0
8547,332.0
8548,51.0
8549,482.0
8552,250.0
8554,485.0
8555,97.0
8556,319.25
8557,418.0
8558,352.5
8560,256.0
8563,124.0
8566,144.0
8568,405.0
8569,263.0
8570,341.5
8572,333.0
8573,321.0
8574,247.0
8577,421.0
8580,4.0
8583,254.0
8584,259.5
8587,138.0
8588,158.0
8589,248.0
8595,385.0
8596,484.0
8598,177.0
8603,225.0
8604,233.0
8606,452.0
8607,188.0
8608,337.0
8611,306.5
8612,236.0
8615,199.0
8616,293.0
8618,472.0
8620,215.5
8621,181.0
8622,188.0
8627,342.0
8628,25.0
8629,53.0
8630,401.0
8631,239.0
8632,117.0
8633,2.0
8635,133.0
8636,454.0
8638,25.0
8639,352.0
8640,92.5
8641,265.0
8642,217.5
8643,87.0
8644,299.0
8645,450.0
8646,466.5
8648,400.0
8649,474.0
8650,279.0
8652,155.66666666666666
8653,421.0
8654,347.0
8655,427.0
8660,323.0
8663,469.5
8664,352.0
8665,308.0
8667,126.5
8668,251.0
8672,276.0
8673,178.5
8674,89.0
8676,300.0
8678,278.6
8679,481.0
8680,288.0
8681,445.0
8683,89.0
8684,474.5
8685,363.0
8686,321.0
8687,124.33333333333333
8688,279.6666666666667
8691,411.0
8693,175.0
8694,436.0
8695,300.75
8696,245.0
8697,479.0
8698,243.33333333333334
8699,184.0
8701,197.0
8703,131.5
8704,190.66666666666666
8705,419.0
8706,140.0
8707,347.5
8708,395.0
8709,384.0
8710,131.0
8712,17.0
8715,185.66666666666666
8716,100.0
8718,87.0
8720,243.0
8722,98.0
8723,272.0
8725,258.0
8726,178.0
8727,361.0
8728,333.5
8730,269.6666666666667
8731,415.0
8734,126.5
8735,355.0
8736,47.5
8738,443.0
8739,403.0
8740,377.5
8741,290.5
8742,304.3333333333333
8743,433.0
8744,358.0
8745,102.0
8746,64.0
8747,253.0
8748,145.25
8749,289.6666666666667
8752,191.0
8753,256.0
8754,477.0
8758,235.66666666666666
8759,373.0
8761,168.5
8763,95.0
8764,186.0
8765,45.0
8766,262.25
8767,326.0
8774,469.0
8775,364.0
8776,218.0
8778,111.0
8780,328.5
8784,131.0
8785,276.0
8787,117.0
8788,69.0
8791,186.0
8794,294.0
8797,379.0
8798,234.66666666666666
8799,277.0
8802,234.5
8803,423.0
8804,227.5
8805,447.0
8806,238.33333333333334
8807,390.0
8810,267.0
8811,222.66666666666666
8815,139.0
8816,10.0
8817,197.5
8818,105.0
8819,453.0
8820,258.1666666666667
8821,372.0
8829,356.0
8834,118.0
8835,50.0
8836,107.0
8837,458.0
8839,98.0
8840,87.66666666666667
8841,262.0
8843,453.0
8844,436.0
8845,50.0
8846,335.0
8848,196.0
8849,300.0
8850,5.0
8852,463.0
8853,230.0
8854,454.0
8855,484.0
8856,419.0
8857,252.0
8858,149.0
8859,427.0
8860,15.0
8864,278.0
8865,54.0
8866,37.0
8867,297.0
8868,160.0
8869,311.3333333333333
8870,404.0
8872,195.8
8873,390.0
8874,250.66666666666666
8875,117.0
8876,250.0
8878,301.0
8879,29.5
8881,183.0
8882,202.5
8883,229.0
8884,497.0
8886,318.0
8887,376.0
8888,272.0
8889,34.0
8892,228.0
8895,311.0
8897,248.5
8899,283.0
8900,189.0
8903,327.5
8904,212.0
8905,236.0
8906,477.0
8908,347.0
8909,227.5
8910,276.0
8911,38.0
8913,193.0
8914,190.5
8915,148.0
8916,183.0
8917,269.0
8918,263.0
8919,366.0
8921,204.0
8922,234.5
8925,48.0
8926,107.0
8932,73.0
8933,153.0
8934,25.0
8935,47.0
8936,363.0
8937,226.66666666666666
8938,378.0
8940,384.5
8941,134.0
8942,174.0
8943,192.5
8944,171.75
8945,299.0
8946,255.75
8947,401.0
8949,19.0
8950,410.0
8951,8.0
8954,198.66666666666666
8955,388.0
8956,324.0
8957,86.0
8958,177.0
8959,68.0
8960,416.0
8961,415.0
8962,393.5
8964,229.0
8965,364.0
8966,177.5
8968,255.0
8969,208.0
8972,378.0
8973,368.5
8975,258.0
8977,321.3333333333333
8979,203.0
8980,358.0
8981,483.5
8982,195.0
8983,475.0
8984,21.0
8985,95.2
8986,404.5
8987,148.0
8988,326.3333333333333
8989,309.0
8990,403.25
8991,66.0
8994,208.0
8995,237.0
8996,254.5
8997,437.0
8998,236.0
8999,200.0
9001,174.0
9002,257.0
9003,461.0
9004,120.0
9005,328.0
9006,490.0
9007,94.5
9009,180.5
9010,110.0
9011,173.0
9012,402.0
9014,56.0
9015,231.0
9016,318.6666666666667
9018,135.0
9019,92.0
9020,246.0
9021,236.0
9022,255.0
9024,330.5
9025,252.0
9026,235.0
9027,206.0
9028,260.0
9030,233.0
9031,81.0
9032,265.0
9033,302.0
9034,171.66666666666666
9036,154.33333333333334
9037,85.5
9038,17.0
9039,190.0
9040,476.0
9041,280.0
9044,237.0
9045,45.0
9046,127.0
9047,39.0
9048,339.0
9049,265.0
9051,48.0
9052,210.0
9057,68.5
9058,237.0
9059,200.0
9060,244.0
9061,457.0
9065,425.0
9068,434.0
9071,101.0
9072,258.0
9073,247.0
9075,444.0
9076,155.5
9077,232.0
9079,264.0
9080,35.0
9082,441.0
9083,254.0
9084,325.0
9086,483.0
9087,30.0
9088,311.6666666666667
9089,244.0
9090,301.0
9093,198.0
9094,284.0
9095,163.5
9097,418.0
9098,199.0
9099,435.0
9100,75.0
9101,395.0
9102,348.0
9103,234.0
9104,257.75
9105,334.5
9106,78.0
9108,495.0
9109,101.0
9110,47.0
9112,93.0
9113,260.0
9114,397.0
9115,344.0
9117,444.0
9118,211.0
9120,314.75
9121,247.0
9123,23.0
9125,59.0
9126,212.0
9127,66.0
9128,221.0
9129,314.0
9130,126.0
9132,307.0
9133,13.0
9134,62.0
9135,433.0
9136,90.0
9137,474.0
9138,192.0
9139,176.5
9140,265.0
9141,84.0
9142,304.5
9143,194.5
9144,138.5
9145,346.0
9146,206.0
9147,205.0
9148,322.5
9150,202.0
9151,88.0
9153,183.0
9155,355.0
9157,147.0
9158,268.0
9159,166.0
9160,10.0
9161,401.0
9162,163.0
9163,223.0
9164,143.66666666666666
9165,454.0
9166,114.0
9167,391.0
9168,385.0
9169,135.0
9170,395.0
9172,284.0
9174,291.0
9177,109.0
9180,332.0
9181,351.5
9182,280.0
9183,358.0
9185,280.3333333333333
9186,314.0
9187,398.0
9188,327.0
9189,148.5
9190,230.0
9191,356.0
9192,189.0
9194,245.5
9197,374.0
9199,414.0
9201,285.0
9202,320.0
9203,17.0
9204,287.0
9205,414.0
9206,235.5
9207,209.0
9208,308.3333333333333
9209,195.5
9210,468.0
9211,234.0
9214,7.0
9215,232.0
9218,225.0
9219,190.0
9220,272.0
9222,441.5
9223,145.0
9224,106.5
9226,251.0
9228,376.0
9229,250.66666666666666
9230,272.0
9231,446.0
9232,226.5
9235,466.0
9236,177.0
9240,492.0
9242,421.0
9243,389.0
9249,311.0
9250,472.0
9252,268.5
9253,190.0
9254,355.5
9255,271.0
9258,114.0
9259,267.5
9261,104.0
9263,289.0
9264,44.5
9265,115.0
9268,31.0
9269,253.33333333333334
9271,351.0
9272,312.0
9273,53.0
9274,361.0
9275,87.0
9276,338.0
9278,114.0
9279,207.33333333333334
9280,256.6666666666667
9281,148.5
9282,388.5
9283,167.0
9286,132.0
9287,334.0
9288,176.0
9289,389.5
9290,75.0
9291,377.0
9293,306.0
9294,287.5
9295,210.0
9296,192.0
9298,199.0
9299,45.0
9300,103.0
9301,112.0
9302,294.3333333333333
9303,186.0
9304,467.0
9305,193.66666666666666
9306,23.0
9307,19.0
9309,139.75
9310,264.0
9311,336.0
9312,367.0
9313,217.0
9315,285.0
9316,147.0
9317,69.0
9318,353.0
9320,226.0
9322,206.0
9323,141.75
9324,102.0
9325,298.8
9326,135.66666666666666
9327,456.0
9330,97.0
9331,28.0
9335,218.0
9336,436.5
9337,300.0
9338,312.0
9340,226.0
9341,383.5
9343,87.0
9344,118.0
9345,301.0
9349,426.0
9350,464.5
9352,342.0
9353,289.0
9355,167.0
9357,300.5
9359,155.33333333333334
9360,229.0
9362,183.5
9364,408.0
9365,115.0
9366,310.0
9367,140.0
9368,418.6666666666667
9369,98.0
9371,388.0
9373,220.0
9374,428.0
9376,140.0
9377,398.0
9379,426.5
9381,180.25
9383,253.0
9384,313.0
9387,406.0
9389,264.5
9390,326.0
9391,184.5
9392,353.0
9394,240.0
9395,475.0
9396,314.6666666666667
9397,226.5
9398,50.0
9399,340.0
9400,265.0
9401,232.0
9407,391.0
9409,236.0
9410,244.0
9411,259.0
9412,272.5
9413,224.5
9414,269.0
9415,153.5
9416,239.0
9417,248.0
9418,289.0
9420,392.0
9423,198.5
9424,343.0
9425,285.0
9426,312.0
9428,228.0
9429,16.0
9430,37.0
9431,130.0
9432,212.0
9433,234.0
9434,218.0
9435,57.0
9436,29.0
9437,28.0
9438,150.0
9439,268.6666666666667
9441,343.5
9444,238.0
9445,67.5
9446,376.0
9447,458.0
9448,445.0
9449,383.0
9450,95.0
9451,167.5
9452,293.3333333333333
9453,461.0
9454,338.0
9455,277.0
9456,296.6666666666667
9458,121.0
9460,205.33333333333334
9461,169.0
9462,211.0
9464,227.0
9466,43.0
9467,318.5
9471,174.0
9476,198.0
9477,434.0
9480,338.0
9481,368.0
9482,412.0
9485,353.0
9486,240.5
9490,366.0
9492,67.0
9493,499.0
9494,232.5
9495,252.0
9496,270.6666666666667
9497,239.0
9501,80.0
9503,275.3333333333333
9504,356.0
9509,374.0
9510,380.0
9513,102.5
9514,335.5
9515,242.0
9516,470.0
9517,193.0
9518,223.66666666666666
9519,179.0
9520,9.0
9522,23.0
9523,442.0
9525,96.5
9526,306.0
9527,245.66666666666666
9528,287.0
9530,457.0
9532,316.5
9533,299.0
9534,485.0
9537,42.0
9538,35.0
9539,234.0
9540,368.5
9541,350.0
9542,58.0
9543,292.0
9544,443.0
9545,377.0
9546,267.6666666666667
9549,465.5
9550,451.0
9551,174.0
9552,205.0
9553,376.5
9555,127.5
9556,322.5
9558,486.0
9559,408.0
9561,231.0
9564,23.0
9565,172.0
9567,265.5
9569,272.0
9570,269.0
9571,420.0
9572,236.0
9573,152.0
9574,307.0
9575,250.0
9576,271.25
9577,221.83333333333334
9578,344.3333333333333
9580,447.0
9581,9.0
9582,230.0
9584,101.0
9587,170.0
9588,369.0
9589,252.0
9592,391.0
9594,17.5
9597,274.0
9599,281.5
9601,109.0
9602,80.0
9605,313.0
9608,45.0
9610,74.0
9612,367.0
9613,202.0
9614,170.5
9616,206.5
9617,490.0
9619,160.0
9622,348.0
9625,174.0
9626,372.0
9629,160.66666666666666
9630,267.0
9631,189.0
9632,288.5
9633,295.0
9634,364.0
9636,363.0
9638,99.0
9640,452.0
9641,255.5
9642,467.0
9645,337.0
9647,350.0
9650,351.0
9651,201.0
9652,346.5
9653,325.0
9655,400.6666666666667
9659,314.0
9660,196.0
9663,305.0
9664,304.0
9665,403.0
9666,361.0
9668,122.5
9669,27.0
9671,222.0
9675,125.0
9677,272.0
9678,306.0
9679,247.0
9681,437.0
9682,321.0
9683,458.0
9684,366.3333333333333
9685,376.0
9686,279.0
9687,456.0
9690,248.5
9691,179.0
9692,413.0
9693,114.5
9694,222.0
9695,127.0
9697,353.0
9698,212.0
9700,260.0
9701,147.0
9702,484.0
9703,304.0
9704,60.0
9705,263.5
9706,176.0
9708,3.0
9710,14.0
9712,320.0
9713,43.0
9715,312.0
9717,224.5
9718,111.0
9719,317.5
9720,158.66666666666666
9722,226.0
9725,230.0
9726,426.0
9727,48.0
9729,446.0
9730,417.0
9733,433.0
9734,122.0
9735,95.0
9736,412.0
9737,251.0
9738,121.5
9739,352.6666666666667
9740,148.0
9741,488.0
9742,138.0
9744,145.0
9745,189.0
9746,413.0
9747,288.6666666666667
9748,284.0
9750,305.0
9751,164.0
9752,241.0
9754,427.0
9755,231.0
9757,167.0
9758,173.0
9759,256.5
9761,157.0
9762,100.0
9763,405.0
9764,308.0
9765,74.0
9766,297.6666666666667
9768,260.0
9769,235.0
9770,22.0
9773,217.5
9774,216.0
9776,197.33333333333334
9777,162.0
9778,384.0
9779,311.0
9780,346.5
9782,276.0
9783,362.0
9784,267.0
9786,102.0
9787,190.33333333333334
9788,383.0
9789,265.0
9790,27.5
9792,472.0
9795,469.5
9796,118.0
9797,204.33333333333334
9798,241.0
9801,352.5
9803,240.33333333333334
9804,124.0
9805,193.0
9806,328.0
9807,365.0
9809,312.0
9810,275.0
9811,248.5
9812,301.0
9816,225.0
9817,417.0
9818,446.0
9820,142.0
9821,317.0
9822,267.0
9825,64.0
9828,156.0
9829,425.0
9830,458.0
9832,17.0
9834,243.0
9835,97.0
9836,230.0
9837,341.0
9838,299.0
9839,29.0
9841,176.0
9842,163.0
9844,70.0
9846,417.0
9847,379.5
9850,334.0
9851,345.0
9854,94.0
9855,285.0
9857,276.0
9860,319.0
9861,124.0
9862,168.75
9863,203.0
9864,385.5
9865,316.5
9866,369.0
9867,190.0
9868,357.0
9869,260.6666666666667
9870,260.5
9871,398.0
9872,375.0
9874,67.0
9875,174.0
9877,447.0
9878,149.0
9879,139.0
9880,145.0
9881,449.0
9882,255.0
9885,291.0
9886,471.0
9887,289.0
9888,106.0
9890,23.0
9892,194.0
9894,235.0
9895,240.0
9896,334.0
9897,4.0
9898,346.0
9903,415.0
9904,271.0
9905,84.0
9907,319.0
9909,254.0
9910,109.5
9911,130.0
9912,241.0
9913,182.5
9914,261.0
9915,408.0
9918,176.0
9919,244.0
9921,265.0
9922,276.0
9923,238.0
9924,47.0
9926,405.0
9927,7.0
9928,38.0
9929,225.0
9930,120.0
9931,204.5
9932,416.5
9934,322.3333333333333
9937,265.5
9938,346.5
9941,89.0
9942,261.0
9943,269.3333333333333
9945,100.0
9947,140.0
9948,162.0
9950,76.0
9952,122.5
9953,117.0
9954,82.33333333333333
9955,459.0
9956,95.0
9957,330.5
9959,254.0
9963,70.0
9964,252.0
9965,479.0
9966,220.0
9969,313.5
9970,370.0
9971,376.0
9972,343.0
9973,161.0
9975,299.0
9976,395.0
9977,128.0
9979,146.0
9980,342.5
9981,31.5
9982,254.66666666666666
9983,212.0
9984,189.5
9986,356.5
9987,189.0
9989,12.0
9991,212.0
9992,175.5
9997,291.0
9998,253.0
