Product ID,Store ID,Price,Competitor Prices,Discounts,Sales Volume,Customer Reviews,Return Rate (%),Storage Cost,Elasticity Index,Price-to-Sales Ratio
2068,77,35.51,63.04,16.88,5,3,1.5,8.38,1.67,7.101999999999999
3500,19,62.71,75.97,25.07,41,2,15.82,5.65,2.0,1.5295121951219512
4766,60,63.8,7.16,48.63,40,3,12.26,3.07,1.65,1.595
4684,98,96.4,18.28,8.58,16,3,6.71,1.01,1.48,6.025
1099,43,63.67,96.3,37.93,22,2,17.41,3.82,1.56,2.894090909090909
1054,82,91.18,54.43,45.52,27,4,1.16,6.41,0.64,3.3770370370370375
5655,64,73.29,53.14,11.0,48,1,10.17,5.45,2.29,1.5268750000000002
3351,17,34.37,60.17,23.0,3,2,2.06,1.98,0.59,11.456666666666665
4881,93,61.19,28.99,21.03,7,1,0.64,6.91,2.04,8.741428571428571
6008,4,66.15,62.33,20.96,8,4,6.74,4.91,2.33,8.26875
1796,51,98.31,73.42,34.95,45,4,6.55,6.45,1.56,2.1846666666666668
9395,75,65.24,51.47,42.84,22,4,7.52,7.53,0.69,2.9654545454545453
1241,89,78.12,13.77,35.12,19,4,12.63,1.53,1.16,4.111578947368422
7449,97,56.06,90.86,5.27,7,4,14.71,6.83,1.32,8.008571428571429
5945,59,67.4,46.56,47.0,43,2,14.78,5.52,1.9,1.5674418604651164
5972,42,93.55,11.25,37.04,21,4,12.93,5.73,2.04,4.454761904761905
8497,87,66.14,49.2,9.07,6,3,5.96,7.87,1.98,11.023333333333333
4995,40,98.05,53.03,32.06,49,4,16.06,8.11,0.72,2.0010204081632654
7984,35,34.86,73.19,20.49,15,4,19.06,1.39,0.94,2.324
3133,46,90.12,79.31,41.19,33,3,1.12,4.6,1.04,2.730909090909091
7775,78,77.96,87.19,31.03,32,2,4.66,6.88,1.3,2.43625
3945,40,87.73,61.44,49.73,55,2,16.5,4.74,2.17,1.5950909090909091
3114,98,68.11,41.93,31.4,32,1,14.27,1.72,1.25,2.1284375
8099,33,71.56,89.29,38.26,3,4,8.81,8.13,2.33,23.853333333333335
3905,3,54.79,22.65,3.22,16,4,18.75,1.65,1.68,3.424375
1016,83,84.32,43.99,12.27,6,2,13.95,7.37,2.07,14.053333333333333
7215,62,84.11,16.53,37.82,1,4,1.75,2.75,2.13,84.11
6990,44,47.16,89.57,34.95,27,4,19.47,7.09,1.4,1.7466666666666666
9829,66,13.98,31.12,37.45,5,1,2.04,4.74,0.57,2.7960000000000003
5432,41,84.9,19.8,21.45,47,1,7.39,2.22,1.45,1.8063829787234045
4013,19,38.29,84.31,33.99,1,2,1.48,8.27,1.59,38.29
5467,46,19.14,89.14,16.39,4,4,5.75,7.85,1.61,4.785
4588,26,79.53,61.73,8.43,53,2,7.06,4.87,1.66,1.5005660377358492
2444,36,53.45,21.32,5.95,35,3,3.88,3.54,1.9,1.5271428571428571
8218,26,90.25,36.47,18.32,9,3,4.64,6.94,0.92,10.027777777777779
4200,82,51.78,50.45,5.74,18,2,11.2,4.35,1.94,2.876666666666667
5686,39,85.24,29.53,32.68,12,2,5.76,9.47,1.17,7.103333333333333
7052,14,28.78,29.48,24.51,11,3,11.2,3.53,1.75,2.6163636363636367
9513,71,92.83,36.24,34.83,53,2,5.07,7.22,2.43,1.751509433962264
7505,57,70.34,66.14,33.05,39,1,18.68,6.36,1.78,1.8035897435897437
2328,68,48.57,40.84,47.09,6,2,10.98,9.56,2.15,8.095
3349,2,14.74,67.28,4.61,5,4,2.85,4.75,0.53,2.948
5848,59,24.32,26.4,32.49,5,1,0.05,9.59,0.9,4.864
4961,75,45.18,36.97,6.0,6,1,8.57,3.94,0.81,7.53
6549,93,35.53,77.82,28.42,14,1,2.36,1.51,2.03,2.537857142857143
3255,82,85.25,75.86,14.89,56,3,7.96,6.31,2.02,1.5223214285714286
6855,28,93.59,14.36,12.51,9,4,0.67,2.04,1.66,10.398888888888889
6822,70,16.17,11.47,4.68,3,1,1.7,4.78,0.63,5.390000000000001
2494,94,83.82,74.46,12.43,52,1,5.15,2.04,2.44,1.6119230769230768
3350,15,92.36,64.73,15.54,50,2,2.45,7.44,1.36,1.8472
1677,12,51.15,32.73,29.54,12,2,5.14,5.49,2.06,4.2625
5119,27,78.65,87.32,44.45,32,4,10.64,6.54,0.76,2.4578125
1505,49,80.76,45.59,27.32,11,3,17.06,8.45,0.67,7.341818181818183
1151,43,87.97,97.82,14.85,14,2,3.39,3.12,2.33,6.283571428571428
5324,47,65.86,72.01,2.67,32,3,12.72,9.44,2.43,2.058125
8175,20,66.59,93.34,12.53,33,1,16.28,4.41,1.3,2.017878787878788
3881,29,95.84,22.41,8.13,14,3,14.15,4.33,2.32,6.845714285714286
6728,54,31.69,73.6,3.72,17,1,2.53,9.17,2.08,1.8641176470588237
8084,60,46.03,16.34,37.99,17,1,14.45,7.1,1.99,2.7076470588235293
7744,3,84.47,77.82,2.66,34,3,5.23,9.03,0.9,2.4844117647058823
8196,68,78.05,23.03,8.27,47,4,16.71,6.32,1.14,1.6606382978723404
7423,19,54.69,69.38,23.31,36,2,14.21,3.09,0.86,1.5191666666666666
8731,91,92.1,54.66,27.65,17,3,6.87,1.44,0.54,5.417647058823529
3753,9,98.21,58.85,13.96,4,2,1.72,4.02,1.47,24.5525
7455,33,33.58,87.6,12.28,17,3,17.97,5.27,1.5,1.9752941176470586
5144,57,43.23,16.86,2.97,2,2,12.8,1.0,1.35,21.615
4789,44,56.84,77.22,29.15,26,3,19.85,6.67,2.41,2.186153846153846
8695,11,81.5,14.72,12.46,48,3,15.08,7.6,2.3,1.6979166666666667
5900,82,60.81,35.74,23.61,36,1,1.58,2.6,2.43,1.6891666666666667
4639,29,83.39,9.19,31.94,51,1,18.95,4.13,1.76,1.6350980392156862
7061,35,65.67,96.77,30.09,29,3,19.2,9.09,1.0,2.26448275862069
7527,41,83.28,33.53,3.26,20,1,8.6,5.76,2.23,4.164
2551,26,85.74,70.48,7.18,22,1,14.4,2.39,0.9,3.897272727272727
3294,82,74.41,21.08,13.69,19,3,10.06,9.19,0.86,3.916315789473684
4238,67,83.14,9.03,45.34,48,2,1.04,5.78,1.56,1.7320833333333334
3203,91,64.57,65.52,38.27,36,3,19.18,2.94,1.61,1.7936111111111108
3123,37,85.4,75.88,26.04,49,4,2.46,6.64,0.72,1.7428571428571429
5457,52,86.22,33.39,21.56,26,2,16.38,6.32,2.29,3.316153846153846
3254,14,98.76,9.87,4.47,10,1,8.49,4.59,2.29,9.876000000000001
5381,78,73.19,35.49,40.46,44,3,7.88,9.98,1.12,1.6634090909090908
5310,92,61.93,8.69,17.19,23,2,13.28,1.39,1.16,2.692608695652174
8498,12,52.51,68.98,4.18,35,2,2.05,4.42,1.21,1.5002857142857142
7868,76,73.68,81.25,40.67,42,4,3.44,2.92,1.03,1.7542857142857144
6493,94,85.0,9.71,14.5,44,3,9.37,1.55,1.16,1.9318181818181819
4252,69,94.53,77.79,6.83,59,4,15.48,7.31,1.49,1.6022033898305086
8251,17,26.41,74.98,33.25,7,3,9.67,7.07,1.78,3.7728571428571427
8681,67,38.78,26.79,11.55,18,1,9.09,8.05,0.89,2.1544444444444446
4437,80,81.8,89.58,46.36,27,4,0.53,9.28,1.13,3.0296296296296297
9353,6,95.37,87.11,34.49,46,4,1.07,8.46,0.88,2.0732608695652175
4066,68,70.92,62.15,34.48,31,4,7.22,1.0,1.24,2.287741935483871
5389,11,50.62,89.86,28.79,17,3,6.13,8.35,1.24,2.9776470588235293
1308,77,85.74,20.5,21.94,7,4,9.46,6.58,1.43,12.248571428571427
7424,7,88.46,62.47,4.76,8,2,17.24,7.72,0.51,11.0575
5945,14,38.63,17.61,21.14,2,1,11.67,4.92,1.1,19.315
3256,17,68.02,69.47,5.16,35,4,9.9,3.34,0.81,1.9434285714285713
5520,24,97.82,22.71,1.51,18,3,5.14,5.07,1.42,5.434444444444444
4740,37,39.83,35.13,43.46,3,4,2.79,8.81,1.45,13.276666666666666
5643,80,66.04,7.59,19.84,1,4,9.13,6.91,1.73,66.04
3988,22,94.41,47.17,34.76,58,4,8.52,9.48,1.21,1.627758620689655
6091,87,70.16,23.63,19.47,32,3,2.69,3.88,1.76,2.1925
7931,37,31.46,85.26,47.05,8,3,6.08,8.33,0.67,3.9325
6737,89,49.84,44.95,36.54,8,3,1.53,2.47,1.65,6.23
2881,94,31.38,41.33,2.94,10,3,9.02,3.55,0.67,3.138
4280,78,71.29,73.72,42.54,28,4,7.81,8.23,1.86,2.546071428571429
5008,73,85.5,90.98,16.02,29,3,11.88,9.5,2.29,2.9482758620689653
3525,28,56.47,54.04,47.66,5,4,11.9,7.25,2.38,11.294
1550,76,82.39,6.09,44.73,21,4,7.26,5.89,1.74,3.9233333333333333
1577,20,53.48,46.05,3.06,1,3,6.73,8.99,1.1,53.48
8868,61,59.09,92.49,49.17,6,3,1.0,9.81,2.33,9.848333333333334
1697,79,83.86,33.75,8.44,42,1,16.7,7.98,2.06,1.9966666666666666
6450,1,8.21,74.91,9.97,4,2,5.92,9.49,2.34,2.0525
6738,39,80.85,71.9,11.84,12,1,9.66,1.04,0.73,6.7375
6788,92,43.49,58.5,26.29,22,3,1.08,8.49,0.95,1.9768181818181818
1528,62,78.97,47.28,25.12,43,1,10.36,2.08,1.19,1.8365116279069766
9329,65,92.56,21.62,34.69,24,4,4.11,1.26,2.03,3.856666666666667
3727,81,44.91,6.01,23.31,26,4,12.23,1.46,0.5,1.7273076923076922
2260,88,34.1,19.19,13.4,1,1,19.57,4.77,1.98,34.1
5838,11,20.59,17.88,12.22,3,4,11.89,3.13,1.98,6.863333333333333
1684,21,62.74,80.89,15.75,16,3,3.91,6.04,1.49,3.92125
4399,71,64.88,43.95,23.8,31,3,4.32,1.11,2.12,2.0929032258064515
2897,21,39.26,5.34,40.07,6,4,18.15,2.43,2.05,6.543333333333333
4893,74,84.73,56.86,22.04,8,3,2.13,1.69,0.66,10.59125
3073,25,83.89,74.19,11.64,19,1,8.74,8.23,2.42,4.415263157894737
6342,60,79.56,68.08,27.28,47,2,4.42,1.45,2.29,1.6927659574468086
8554,85,87.16,7.32,42.81,19,2,18.97,5.2,2.35,4.5873684210526315
4399,26,44.53,23.79,6.99,15,3,2.12,2.27,0.8,2.9686666666666666
6387,32,83.03,92.03,5.53,17,2,11.08,5.36,1.12,4.884117647058823
2773,63,78.15,89.08,1.54,30,3,16.21,2.22,0.61,2.605
6813,90,24.42,44.63,45.22,8,1,17.94,3.67,1.53,3.0525
3141,70,50.07,91.44,22.5,10,1,14.44,9.94,2.38,5.007
4230,72,79.48,30.91,34.64,38,1,17.18,6.55,1.4,2.091578947368421
4180,60,44.58,88.03,35.58,5,3,13.56,7.16,1.02,8.916
8877,65,68.89,6.93,19.73,11,1,4.33,4.99,2.15,6.262727272727273
7927,32,41.74,85.92,9.86,4,3,13.58,1.71,0.71,10.435
6306,96,56.6,17.63,46.95,4,4,14.37,7.65,0.88,14.15
1137,73,93.18,36.54,36.17,49,2,9.59,7.12,1.47,1.9016326530612246
7787,1,39.63,56.14,48.91,26,4,2.98,7.06,1.57,1.5242307692307693
8299,86,92.93,56.04,34.73,36,3,1.86,8.41,1.08,2.581388888888889
6144,76,84.25,67.03,46.02,53,4,4.76,4.09,2.34,1.5896226415094339
6702,53,89.87,84.26,41.04,42,2,7.94,2.64,1.86,2.139761904761905
8746,37,78.38,93.85,2.23,23,3,17.36,1.16,0.82,3.4078260869565216
8146,23,45.64,11.73,46.16,25,4,7.95,5.8,1.04,1.8256000000000001
4822,32,81.33,98.15,30.13,11,4,14.97,8.31,2.43,7.393636363636364
2731,90,88.92,95.58,2.27,46,1,5.43,4.39,1.32,1.9330434782608696
8777,74,73.35,90.6,42.49,47,3,13.18,8.46,0.74,1.5606382978723403
1785,37,28.31,83.15,26.57,17,4,15.26,5.52,1.18,1.6652941176470588
4220,19,24.18,43.75,23.02,16,4,8.02,9.34,1.94,1.51125
7192,48,42.87,32.56,23.47,13,4,17.25,8.34,1.29,3.2976923076923077
8816,18,24.73,58.62,3.61,9,3,17.19,3.48,0.6,2.747777777777778
8449,85,43.19,15.23,22.36,27,4,1.03,3.85,1.06,1.5996296296296295
1436,38,74.56,82.94,42.67,48,1,10.12,6.72,2.48,1.5533333333333335
5409,76,73.14,62.77,49.28,39,4,18.7,5.56,1.85,1.8753846153846154
5608,16,51.33,93.1,46.55,19,2,3.66,8.11,1.57,2.701578947368421
6811,20,67.38,96.21,29.86,8,3,17.24,1.4,0.56,8.4225
4899,13,90.06,16.1,26.1,30,1,16.33,7.91,1.28,3.0020000000000002
1196,47,24.61,94.13,14.05,11,4,18.21,3.83,2.02,2.2372727272727273
2643,53,88.17,58.4,44.66,22,1,3.02,9.67,1.44,4.007727272727273
7353,9,51.73,69.3,23.21,20,4,16.99,6.11,0.56,2.5865
2600,59,7.63,14.55,33.48,2,3,16.53,1.89,0.99,3.815
8417,13,60.23,24.56,48.99,19,3,9.23,3.0,1.24,3.17
5185,73,82.05,48.68,34.11,26,3,4.96,1.62,1.0,3.1557692307692307
2238,62,98.11,8.09,17.63,42,2,10.74,7.05,2.26,2.335952380952381
4247,67,93.81,10.12,17.82,47,1,9.6,7.34,0.52,1.9959574468085106
1828,77,93.58,72.84,9.08,25,4,14.37,1.49,0.86,3.7432
9964,23,58.53,31.78,44.8,32,2,4.68,1.19,2.49,1.8290625
5864,52,96.49,12.1,48.08,41,1,4.0,5.89,0.92,2.3534146341463416
2512,14,78.13,32.6,19.5,34,1,9.43,7.08,0.63,2.297941176470588
8842,73,86.33,69.69,36.07,19,3,7.31,1.14,0.8,4.543684210526315
2498,63,78.05,91.46,9.24,32,4,16.57,1.05,1.55,2.4390625
2522,21,62.65,14.86,3.98,34,3,1.07,4.97,1.95,1.8426470588235293
3004,82,59.81,31.54,24.18,25,4,0.68,1.43,0.99,2.3924000000000003
3664,59,77.2,63.67,33.73,39,2,0.27,1.14,2.18,1.9794871794871796
2211,71,42.74,59.76,3.98,22,1,8.03,9.77,1.38,1.9427272727272729
4020,44,84.83,10.36,11.35,8,2,10.67,6.3,0.7,10.60375
8292,46,87.13,11.89,17.97,41,1,9.98,2.08,1.76,2.125121951219512
3286,81,75.42,33.05,46.41,7,3,1.58,9.89,0.75,10.774285714285714
8839,37,90.36,36.18,38.57,39,2,10.16,1.28,1.67,2.316923076923077
3815,60,94.38,79.21,48.25,58,3,0.59,3.91,1.12,1.6272413793103448
8881,60,51.17,59.76,16.29,26,1,19.71,6.56,2.39,1.968076923076923
6829,84,90.3,91.93,19.24,40,3,17.29,3.68,2.34,2.2575
4246,48,83.94,6.29,34.4,35,3,6.2,8.53,0.65,2.398285714285714
4755,3,39.47,84.5,8.93,22,1,17.58,6.01,0.84,1.794090909090909
4883,66,60.03,92.29,17.38,8,2,12.28,4.63,0.78,7.50375
3241,84,88.01,67.45,17.4,24,4,9.41,1.37,1.53,3.6670833333333337
2460,74,34.53,6.03,8.68,11,4,11.17,6.41,2.39,3.139090909090909
1862,93,71.54,30.34,0.4,5,3,16.7,9.63,2.23,14.308000000000002
6054,61,45.8,50.48,24.32,3,2,4.02,7.69,2.17,15.266666666666666
4730,1,60.8,70.3,8.07,30,3,4.52,7.88,1.12,2.0266666666666664
6442,76,46.95,39.37,2.24,14,1,4.65,3.36,2.34,3.3535714285714286
2496,97,19.38,45.18,26.8,6,1,7.88,6.56,1.02,3.23
8305,40,20.3,94.45,29.17,13,3,5.69,6.26,0.51,1.5615384615384615
8736,1,95.12,97.28,37.36,54,2,17.37,4.51,0.94,1.7614814814814816
1084,23,92.87,44.57,13.9,19,2,18.89,2.55,2.32,4.887894736842106
6939,95,86.01,60.67,38.42,47,2,11.74,5.56,1.58,1.83
5571,78,87.62,56.41,29.91,45,1,15.48,9.01,1.92,1.9471111111111112
7908,68,88.47,13.25,37.86,13,1,8.17,7.06,2.06,6.805384615384615
2951,61,35.99,86.12,40.71,9,2,8.75,6.63,1.77,3.998888888888889
9448,52,75.06,39.38,42.2,14,1,8.34,1.77,1.73,5.361428571428571
9672,32,68.95,25.81,24.2,42,4,4.25,5.55,0.84,1.6416666666666668
8857,91,61.56,68.55,1.8,41,1,3.75,7.53,2.34,1.5014634146341463
3040,25,70.95,55.71,12.7,39,3,15.24,6.54,1.84,1.8192307692307692
5478,7,82.02,51.97,11.25,3,3,18.51,6.87,1.75,27.34
1126,16,43.21,24.59,49.64,12,1,19.99,4.65,1.36,3.6008333333333336
4426,22,78.73,72.49,5.29,37,4,8.73,9.6,1.79,2.1278378378378378
6937,92,91.62,5.84,46.54,26,2,10.47,4.67,0.61,3.523846153846154
4424,79,88.81,58.27,18.55,4,3,3.01,3.75,1.86,22.2025
3250,98,63.14,88.76,3.02,14,3,0.2,8.63,1.69,4.51
8706,31,46.39,43.16,5.84,18,3,16.9,6.34,2.01,2.5772222222222223
2916,88,83.11,92.94,44.63,47,3,15.9,1.58,1.59,1.7682978723404255
6491,91,82.85,38.72,9.78,43,2,12.33,7.48,0.8,1.9267441860465115
2803,11,58.05,7.03,30.52,10,1,1.34,5.39,0.98,5.805
9665,61,84.12,35.34,49.95,41,2,15.41,4.01,1.93,2.0517073170731708
3853,88,86.01,67.59,4.74,1,3,2.21,4.83,2.44,86.01
9318,15,71.68,61.14,7.9,20,3,8.56,3.87,2.08,3.5840000000000005
1692,64,65.62,30.99,41.03,31,3,9.37,7.67,1.95,2.116774193548387
5149,27,97.29,47.56,28.16,15,2,2.16,8.18,2.28,6.486000000000001
3034,93,62.47,22.03,7.61,25,1,7.36,2.19,0.56,2.4988
9884,92,91.7,11.74,44.92,23,3,3.05,7.44,1.15,3.9869565217391307
9290,24,71.78,19.33,38.85,4,3,12.15,2.36,1.53,17.945
3723,82,47.57,46.89,47.37,23,3,1.25,5.76,1.4,2.0682608695652176
6184,74,67.51,67.51,2.67,26,4,0.98,3.08,1.83,2.596538461538462
9939,98,96.25,31.49,15.64,26,3,14.23,1.66,1.39,3.701923076923077
1916,33,96.06,8.64,1.38,11,1,3.16,2.36,0.65,8.732727272727272
2644,42,23.6,15.33,46.57,4,3,6.83,2.95,1.8,5.9
1714,50,58.36,19.95,6.99,33,3,2.44,5.99,0.73,1.7684848484848485
4612,63,81.5,43.99,22.12,9,2,13.29,7.76,1.79,9.055555555555555
8101,81,80.07,67.1,5.9,16,3,16.01,6.16,1.53,5.004375
3439,51,68.16,63.49,4.79,31,2,8.12,2.87,0.77,2.198709677419355
6869,55,13.31,31.37,39.32,2,2,11.54,3.36,0.95,6.655
1301,85,37.76,48.24,12.97,16,4,11.51,8.38,1.37,2.36
2684,74,87.28,28.7,45.88,8,2,9.14,8.24,1.87,10.91
9676,7,51.57,11.5,43.96,14,3,4.73,8.9,1.43,3.6835714285714287
3000,38,64.01,76.34,23.67,14,4,7.54,6.1,2.14,4.5721428571428575
9235,77,33.21,89.09,2.31,17,1,6.33,2.18,1.97,1.953529411764706
1837,27,93.91,34.63,18.43,52,1,4.17,1.36,2.38,1.8059615384615384
5032,65,74.44,66.12,19.73,31,3,15.13,5.88,0.64,2.4012903225806452
8356,18,95.71,97.87,11.05,34,1,1.37,4.19,1.31,2.815
5100,2,81.21,75.8,43.29,20,1,0.54,8.36,0.55,4.060499999999999
2376,70,94.14,55.02,37.11,12,3,1.98,5.71,1.01,7.845
1977,37,94.81,31.93,23.68,49,1,3.56,6.85,2.43,1.9348979591836735
9383,55,98.47,13.42,49.09,55,1,15.26,7.83,0.5,1.7903636363636364
3694,66,62.29,78.12,37.56,4,3,17.46,7.86,0.82,15.5725
4344,16,80.42,38.82,19.0,35,2,5.93,6.93,0.56,2.2977142857142856
3328,7,97.72,81.35,7.91,56,3,6.18,5.75,1.09,1.7449999999999999
4519,55,28.79,63.44,45.68,10,4,2.07,1.63,0.62,2.879
3901,59,63.41,62.66,1.14,20,3,10.61,6.86,2.41,3.1704999999999997
2672,53,93.68,19.03,9.24,58,1,11.93,5.98,2.3,1.6151724137931036
4737,42,78.98,94.64,15.88,44,1,4.42,7.11,1.39,1.7950000000000002
6965,68,87.05,93.66,4.77,42,2,10.84,6.17,1.0,2.0726190476190474
5017,44,69.99,54.57,23.26,37,4,1.57,9.83,1.2,1.8916216216216215
6645,91,25.0,65.99,28.65,11,1,14.38,9.2,1.56,2.272727272727273
2764,80,82.12,94.74,37.31,38,2,1.66,5.98,2.03,2.1610526315789476
9329,82,83.0,69.1,7.48,49,2,0.49,9.75,2.17,1.6938775510204083
9841,81,84.05,37.75,45.81,11,3,4.98,2.78,1.62,7.640909090909091
7242,33,72.97,46.56,31.55,2,2,19.78,6.08,2.38,36.485
9321,83,86.18,32.68,0.03,30,4,5.22,3.02,1.56,2.872666666666667
8045,66,65.85,10.63,21.62,3,1,5.7,2.57,1.46,21.95
4299,91,96.29,90.43,44.32,9,2,1.53,4.95,0.51,10.69888888888889
8482,95,16.25,35.54,36.19,4,2,16.01,5.13,0.81,4.0625
6811,24,84.91,99.35,49.25,24,2,4.03,5.62,2.31,3.5379166666666664
7186,61,76.84,44.64,34.26,20,3,1.36,5.73,1.34,3.842
7421,7,43.8,74.95,16.2,13,3,18.83,9.5,2.32,3.369230769230769
3881,59,69.29,82.68,37.26,14,4,14.45,5.03,1.96,4.949285714285715
9308,65,29.84,84.57,17.47,7,4,4.11,7.27,2.49,4.2628571428571425
9664,45,78.18,51.78,20.17,41,4,11.55,1.36,1.65,1.906829268292683
9071,65,93.14,77.55,42.83,39,2,12.8,2.95,1.21,2.3882051282051284
4923,62,77.21,34.72,35.9,44,4,18.91,7.98,1.2,1.7547727272727272
7913,77,87.07,38.77,3.39,16,4,15.74,4.77,0.79,5.441875
8693,23,45.62,52.55,8.94,27,3,19.57,9.52,2.12,1.6896296296296296
4138,47,91.5,88.63,42.86,43,4,0.1,7.79,1.66,2.127906976744186
7156,66,37.74,89.11,6.8,21,2,8.68,6.82,0.67,1.7971428571428572
4483,74,90.9,8.44,11.05,45,4,15.1,3.19,2.07,2.02
4562,83,94.71,31.96,42.15,56,4,8.44,7.37,2.42,1.69125
2353,49,88.2,54.22,42.53,5,4,15.03,2.03,2.23,17.64
5279,51,66.59,26.96,47.18,39,1,18.05,9.89,0.86,1.7074358974358976
5446,16,45.22,14.43,16.41,12,2,18.29,1.78,1.29,3.768333333333333
5806,41,89.29,36.28,0.59,45,4,2.03,2.82,2.09,1.9842222222222223
3180,40,17.13,68.36,20.03,1,1,9.77,9.31,0.66,17.13
9690,60,71.03,78.1,7.73,45,2,11.6,8.15,1.23,1.5784444444444445
8027,7,68.62,90.99,8.8,15,2,7.41,2.73,2.07,4.574666666666667
1358,93,87.56,15.84,15.11,27,4,18.39,8.31,1.52,3.242962962962963
9248,97,63.55,30.6,20.27,11,2,6.79,9.67,2.17,5.777272727272727
1873,30,19.63,94.26,39.15,3,1,18.7,9.77,2.05,6.543333333333333
9313,90,79.6,32.95,0.75,25,3,8.85,4.65,1.14,3.1839999999999997
1075,18,79.96,89.54,32.74,3,4,12.75,5.5,1.84,26.653333333333332
1475,98,82.14,44.09,36.61,37,3,10.51,8.77,1.03,2.22
4982,56,31.78,17.2,4.98,1,4,8.06,2.6,1.77,31.78
2413,85,53.25,43.38,48.11,20,3,15.07,6.39,1.83,2.6625
5433,73,50.78,97.7,24.69,3,2,10.93,4.51,2.27,16.926666666666666
1396,1,24.14,20.1,43.79,3,2,0.28,5.98,1.82,8.046666666666667
5382,20,86.94,50.66,3.42,14,1,10.67,1.09,0.57,6.21
2505,90,77.53,8.12,34.46,7,2,5.54,2.82,2.23,11.075714285714286
7788,3,67.25,19.68,34.37,1,2,15.82,1.94,1.99,67.25
3091,73,58.76,47.59,3.13,20,2,9.11,4.19,2.35,2.9379999999999997
6896,59,80.41,15.78,43.25,49,4,19.34,5.76,1.59,1.6410204081632653
7801,81,34.58,97.17,5.8,23,4,13.74,4.38,1.93,1.5034782608695652
8339,35,50.9,42.83,23.99,25,2,14.24,4.42,2.47,2.036
9077,44,85.65,53.25,9.11,3,3,1.66,4.73,1.72,28.55
8513,31,69.61,17.08,41.43,9,3,12.02,2.72,2.28,7.734444444444445
2616,96,81.84,42.78,20.48,1,3,0.84,2.19,1.62,81.84
2293,42,78.59,29.06,18.98,13,4,2.55,7.11,1.93,6.045384615384616
9544,12,92.04,82.75,26.41,37,3,4.27,1.88,1.34,2.487567567567568
1012,33,51.63,35.45,46.77,13,4,10.19,1.94,2.28,3.971538461538462
9508,92,70.27,15.33,17.78,30,1,11.1,5.89,1.8,2.3423333333333334
5703,31,7.28,61.89,44.1,4,1,17.03,9.17,2.44,1.82
1214,85,89.2,31.68,48.99,18,3,11.41,8.9,1.92,4.955555555555556
8117,43,93.5,86.09,15.94,55,2,13.05,6.78,2.25,1.7
1358,26,31.67,26.09,46.2,13,1,15.82,5.58,0.68,2.436153846153846
9708,30,93.93,42.81,18.77,33,2,5.01,4.33,0.52,2.8463636363636367
7324,80,71.48,77.8,10.71,7,3,16.1,1.99,1.88,10.211428571428572
4937,23,90.51,97.28,12.74,37,3,12.15,4.87,1.24,2.446216216216216
6649,92,68.05,31.08,47.57,17,3,15.52,4.51,1.96,4.002941176470588
6771,42,40.25,77.31,8.93,22,2,16.52,7.38,1.64,1.8295454545454546
1121,11,48.95,38.47,24.69,22,4,6.55,5.36,1.73,2.225
3250,91,79.33,84.04,6.62,19,3,11.15,7.13,2.47,4.175263157894737
4387,19,52.58,83.27,8.53,4,1,14.46,7.46,1.19,13.145
6912,87,73.35,60.14,14.16,47,3,3.13,3.95,1.55,1.5606382978723403
4676,76,70.23,21.7,17.95,14,2,2.37,8.65,1.5,5.0164285714285715
4761,76,49.83,10.07,43.09,7,1,16.28,5.39,2.28,7.118571428571428
8378,81,55.04,33.49,45.3,22,1,11.87,7.73,0.52,2.501818181818182
2404,14,80.55,97.2,13.44,14,3,17.97,2.75,2.04,5.753571428571428
9786,4,85.24,30.84,34.6,53,2,18.51,3.48,0.84,1.6083018867924528
4110,87,53.8,35.78,32.29,34,2,11.01,5.43,1.84,1.5823529411764705
1586,3,51.07,9.63,8.07,18,4,15.21,2.17,1.89,2.837222222222222
8178,75,86.45,65.94,10.09,19,1,18.84,7.66,0.59,4.55
3208,81,54.05,39.89,25.53,35,4,10.01,6.43,1.96,1.5442857142857143
7438,78,58.17,44.13,6.57,29,1,14.67,7.32,1.01,2.0058620689655173
2360,55,84.8,49.2,4.56,43,4,0.85,6.39,0.59,1.9720930232558138
7611,82,78.29,29.32,25.78,7,3,6.83,5.29,1.43,11.184285714285716
9653,44,61.17,66.91,8.09,29,2,15.98,2.23,1.79,2.1093103448275863
6933,32,54.93,81.49,19.66,1,4,8.95,8.37,1.11,54.93
2744,81,29.16,55.91,35.8,3,1,15.59,4.72,2.29,9.72
4189,35,60.26,84.31,18.08,37,4,3.51,9.19,1.46,1.6286486486486487
2546,20,74.98,74.14,20.55,37,1,9.65,2.36,0.67,2.0264864864864864
3078,14,95.06,26.44,41.05,9,4,1.44,4.26,1.7,10.562222222222223
6213,71,46.77,66.64,16.78,18,3,9.25,1.67,1.71,2.5983333333333336
9831,95,83.36,87.96,14.38,2,3,10.89,8.15,1.93,41.68
8279,81,44.01,14.6,39.06,28,3,11.85,8.51,0.99,1.5717857142857141
9251,29,79.94,43.63,10.98,5,1,7.83,2.31,2.29,15.988
3990,50,70.79,32.32,25.8,40,2,11.7,5.91,2.26,1.7697500000000002
9011,17,36.66,48.85,9.16,16,4,13.78,5.9,0.59,2.29125
1112,3,85.0,94.96,34.27,53,3,14.71,3.09,1.66,1.6037735849056605
2216,16,96.16,61.23,2.39,6,4,17.35,7.33,0.52,16.026666666666667
2666,67,22.99,65.86,4.38,10,4,12.99,4.02,2.49,2.299
2773,60,51.31,25.86,38.14,30,3,5.73,1.01,0.51,1.7103333333333335
6079,74,53.21,94.38,36.52,33,4,11.25,4.07,1.74,1.6124242424242425
2374,20,69.73,17.41,5.79,20,3,19.85,9.92,2.42,3.4865000000000004
1620,23,63.79,5.42,11.51,6,2,0.07,9.54,1.81,10.631666666666666
9070,25,39.28,98.48,24.58,25,2,13.58,2.24,2.49,1.5712000000000002
7086,55,92.42,18.59,25.51,47,2,11.33,3.6,0.51,1.9663829787234044
8869,75,19.05,41.9,22.17,9,2,9.3,9.07,0.5,2.1166666666666667
5568,61,40.78,69.66,39.14,18,3,19.93,4.18,1.42,2.2655555555555558
3499,14,79.89,23.56,47.49,25,4,0.41,2.54,1.47,3.1956
4458,23,44.71,16.5,22.8,16,1,5.82,9.53,1.77,2.794375
3506,57,62.91,89.6,9.09,32,3,11.66,9.82,1.7,1.9659375
9187,21,48.36,37.32,8.28,22,4,3.57,6.01,1.31,2.1981818181818182
2489,33,61.35,60.83,3.75,1,3,13.92,7.39,1.06,61.35
4805,64,78.96,42.75,4.43,16,1,6.68,2.21,1.23,4.935
5684,72,98.69,37.3,23.05,15,1,18.43,4.17,1.85,6.5793333333333335
1044,29,45.97,76.68,37.67,24,2,18.47,1.82,2.28,1.9154166666666665
3494,42,93.02,99.5,39.83,24,1,14.33,3.76,0.71,3.875833333333333
2409,6,97.42,11.7,15.2,33,2,15.26,2.08,0.75,2.952121212121212
6393,67,50.89,98.04,13.18,15,2,12.83,3.45,1.19,3.3926666666666665
5012,44,54.54,72.53,20.31,31,2,11.51,7.18,1.35,1.7593548387096773
2830,19,93.22,17.64,41.94,40,2,13.77,4.11,2.39,2.3305
6437,49,82.41,84.22,42.81,18,4,10.28,2.98,1.69,4.578333333333333
1379,28,89.6,83.72,27.08,24,1,16.12,3.31,0.88,3.733333333333333
5310,28,42.68,13.17,24.83,19,1,9.6,9.66,1.75,2.2463157894736843
8445,83,54.3,31.57,35.89,10,3,17.3,9.46,2.1,5.43
9757,87,85.85,50.45,47.77,31,4,2.32,3.62,1.31,2.769354838709677
1014,71,59.25,15.61,23.25,29,3,11.58,9.73,1.01,2.043103448275862
1499,68,43.66,79.68,12.62,3,4,9.75,2.53,0.62,14.553333333333333
4608,65,27.92,51.4,10.51,4,4,11.9,7.79,1.19,6.98
1487,97,88.78,94.48,26.61,7,1,7.4,7.76,1.71,12.682857142857143
6280,92,90.03,80.58,16.34,26,3,11.41,1.11,1.98,3.4626923076923077
8667,63,44.98,5.76,3.27,25,3,4.49,5.68,2.26,1.7992
7502,42,51.63,46.44,36.7,20,1,13.61,2.5,1.11,2.5815
4525,76,74.82,6.41,23.84,19,2,4.37,5.84,2.03,3.937894736842105
2792,70,80.38,72.52,5.14,23,4,10.64,6.04,0.68,3.494782608695652
3154,19,63.61,76.29,5.26,33,4,9.87,1.34,1.12,1.9275757575757575
8055,14,81.04,32.48,22.91,23,2,16.9,5.76,1.7,3.5234782608695654
5451,35,68.32,88.48,9.84,20,2,5.63,9.84,2.2,3.4159999999999995
1229,97,57.69,13.25,23.55,25,2,2.81,9.51,2.06,2.3076
1343,70,71.67,86.12,22.77,23,3,18.24,9.33,2.42,3.1160869565217393
9430,31,95.84,6.18,19.88,29,2,15.76,9.84,2.46,3.3048275862068968
3042,15,96.83,20.04,20.42,38,4,4.61,7.12,1.97,2.548157894736842
9101,48,86.65,92.22,6.4,30,1,0.89,7.91,2.25,2.8883333333333336
7404,73,41.79,37.12,40.88,21,3,1.72,7.62,0.74,1.99
5622,73,82.13,67.45,42.24,31,4,2.91,4.88,2.45,2.6493548387096775
6412,28,69.91,61.72,5.8,32,3,2.32,7.59,1.43,2.1846875
9817,94,41.63,83.93,38.09,13,4,15.58,5.88,1.92,3.2023076923076923
9408,33,92.66,72.7,9.3,47,2,3.19,6.27,0.77,1.9714893617021276
7984,11,60.71,53.18,46.56,18,3,0.54,1.79,0.86,3.372777777777778
8975,72,98.88,58.38,21.86,19,4,15.06,4.69,2.09,5.204210526315789
3103,93,55.21,22.13,29.83,32,2,11.97,4.42,1.0,1.7253125
8930,77,92.6,23.49,49.19,59,4,15.15,7.58,1.33,1.5694915254237287
3774,7,93.75,58.48,30.24,2,2,17.59,8.69,2.03,46.875
7961,44,62.38,99.71,1.93,35,3,11.93,4.5,1.42,1.7822857142857143
3756,14,98.38,99.78,49.44,53,1,18.49,9.27,2.32,1.8562264150943395
6996,40,88.61,36.05,47.77,30,2,6.45,3.16,1.32,2.9536666666666664
8263,6,84.84,30.15,23.33,41,4,17.69,8.48,1.08,2.069268292682927
7794,73,51.73,59.96,36.2,13,1,1.68,4.56,2.24,3.979230769230769
8520,49,64.27,64.51,27.33,29,3,3.84,7.85,1.52,2.216206896551724
1381,93,62.27,55.86,35.23,11,2,7.75,1.83,2.43,5.660909090909091
9106,87,98.38,36.94,37.2,27,3,11.13,2.89,1.58,3.6437037037037037
7795,73,58.04,68.03,33.41,6,2,6.99,6.71,1.85,9.673333333333334
7044,93,96.96,68.19,42.31,25,3,6.95,8.32,1.57,3.8783999999999996
1447,21,52.67,86.18,3.49,28,4,13.85,4.16,2.42,1.8810714285714287
6135,50,40.45,47.83,7.12,6,3,5.67,8.23,1.85,6.741666666666667
8845,8,85.01,53.28,22.72,4,3,12.85,8.25,1.65,21.2525
8852,60,56.81,53.19,16.45,31,4,9.4,3.48,1.1,1.8325806451612905
3916,59,53.68,80.58,26.61,33,1,9.04,8.69,1.79,1.6266666666666667
2864,28,94.55,66.68,6.11,31,1,0.72,8.22,1.56,3.05
5398,13,97.27,23.62,22.86,17,1,13.3,2.02,1.93,5.721764705882353
4628,95,54.24,28.17,22.25,21,2,10.12,3.12,0.54,2.5828571428571427
4578,98,86.67,46.6,23.21,31,3,1.38,9.78,0.74,2.7958064516129033
7401,25,24.14,36.54,7.27,11,4,4.78,1.52,1.32,2.194545454545455
5999,74,99.87,43.7,48.96,45,4,6.91,5.48,1.94,2.2193333333333336
4539,29,53.45,14.41,8.08,17,3,8.07,9.2,0.76,3.144117647058824
2513,62,89.21,48.45,1.7,56,2,9.5,9.6,0.77,1.593035714285714
8432,28,39.26,34.45,17.48,12,1,13.51,7.86,1.82,3.2716666666666665
4413,26,43.42,97.52,20.07,28,1,10.4,9.76,1.98,1.5507142857142857
7414,40,61.68,56.73,22.71,28,3,13.4,8.21,1.07,2.202857142857143
2022,50,48.17,58.42,42.59,28,3,2.4,5.74,1.38,1.720357142857143
1334,71,33.38,70.7,21.16,12,3,19.57,7.55,1.92,2.7816666666666667
4995,30,90.86,45.38,11.24,55,2,10.72,1.29,1.88,1.652
2040,30,81.28,57.75,49.91,52,1,14.96,3.33,2.45,1.563076923076923
6266,99,45.86,19.23,14.49,29,2,15.79,9.89,2.24,1.5813793103448275
2779,55,94.68,80.63,39.61,43,2,19.48,2.19,1.04,2.201860465116279
2559,47,27.9,77.2,27.05,1,2,0.98,2.81,1.12,27.9
8681,41,66.59,31.94,18.23,5,4,6.43,7.36,1.41,13.318000000000001
6131,97,62.69,35.66,8.61,8,1,11.78,7.28,1.35,7.83625
1648,53,74.48,22.59,32.0,48,3,3.55,7.49,2.41,1.5516666666666667
2753,75,58.41,37.42,2.14,2,1,6.74,5.67,1.05,29.205
3876,67,53.92,58.49,47.69,30,3,15.31,5.35,1.19,1.7973333333333334
8608,84,54.57,36.31,10.76,26,2,12.46,9.91,0.6,2.098846153846154
9557,20,73.65,16.92,26.16,6,2,12.81,9.16,1.19,12.275
6828,90,89.06,46.69,37.68,8,1,0.09,3.63,0.56,11.1325
5768,28,91.4,89.8,15.17,33,2,1.6,9.33,1.01,2.76969696969697
7855,26,83.64,47.14,31.5,55,2,13.81,1.77,0.93,1.5207272727272727
4353,88,18.77,42.02,8.22,10,1,12.24,1.68,0.87,1.877
3920,84,56.66,36.53,1.83,24,4,10.44,5.36,2.24,2.3608333333333333
5426,87,52.03,75.14,43.0,19,4,17.13,6.45,1.39,2.738421052631579
8795,44,89.27,30.24,37.73,38,3,14.6,4.61,0.73,2.3492105263157894
5280,58,80.18,63.11,44.1,16,4,12.2,3.31,0.5,5.01125
3506,88,60.54,38.9,30.14,38,3,2.01,8.82,2.11,1.593157894736842
9572,36,78.5,98.23,39.41,17,4,12.64,5.91,0.56,4.617647058823529
7177,21,91.57,47.82,29.81,1,2,2.47,9.13,1.21,91.57
6747,18,74.52,11.83,18.22,49,4,15.0,7.73,1.99,1.5208163265306123
5563,41,14.13,55.96,45.49,9,4,4.63,3.13,1.76,1.57
5201,4,79.3,36.8,1.8,2,4,9.47,4.04,1.97,39.65
5845,66,75.78,17.67,35.54,7,1,5.24,2.01,1.29,10.825714285714286
6492,81,46.25,71.31,44.29,20,4,10.4,9.09,0.84,2.3125
9049,44,93.42,96.83,30.77,58,4,9.52,1.33,0.8,1.610689655172414
2572,59,75.95,87.45,41.97,16,2,8.93,8.07,2.13,4.746875
5756,33,89.99,83.25,34.5,37,3,8.86,2.2,1.99,2.432162162162162
6397,86,68.51,37.73,11.47,27,1,6.78,7.61,1.18,2.5374074074074078
5903,1,40.29,29.85,38.33,4,4,11.79,9.23,1.5,10.0725
6131,69,20.05,93.22,37.49,3,1,19.54,6.67,1.9,6.683333333333334
2878,65,90.1,43.05,17.29,58,2,12.66,7.2,0.67,1.553448275862069
3943,85,98.72,31.19,19.1,44,4,17.02,9.37,0.89,2.2436363636363637
9062,11,26.28,97.45,35.87,4,1,19.74,4.24,1.74,6.57
7892,91,51.04,43.66,32.7,25,2,4.11,3.34,1.74,2.0416
9170,47,67.97,81.76,2.81,41,3,0.31,5.74,1.99,1.6578048780487804
1231,3,33.25,37.28,45.73,5,1,13.13,3.68,0.8,6.65
3684,53,79.15,50.78,39.88,44,4,14.71,2.75,0.85,1.7988636363636366
2489,80,33.54,73.35,19.54,14,1,15.14,8.67,1.33,2.3957142857142855
6189,23,50.08,44.96,31.35,23,1,14.02,1.91,0.99,2.177391304347826
3291,56,40.9,99.2,24.46,16,1,8.69,4.18,0.72,2.55625
1188,48,56.96,35.1,11.4,33,2,5.36,3.64,1.4,1.726060606060606
8394,3,60.06,39.3,19.57,14,3,5.01,5.8,0.53,4.29
1346,48,53.95,49.38,49.17,29,2,14.98,9.22,1.07,1.860344827586207
1923,43,79.77,24.76,30.38,5,2,4.1,4.2,2.06,15.953999999999999
9876,47,87.52,56.82,20.22,28,4,2.1,9.95,2.26,3.1257142857142854
5551,33,80.65,47.73,46.77,51,3,2.32,7.72,1.88,1.581372549019608
2185,49,93.3,31.55,42.57,33,3,5.73,9.22,0.78,2.827272727272727
6463,60,68.68,54.75,0.34,33,4,9.83,2.78,2.14,2.0812121212121215
9040,98,43.53,85.31,33.12,14,2,12.81,4.08,1.8,3.1092857142857144
1704,63,93.11,82.53,23.8,54,2,8.95,1.12,1.51,1.7242592592592592
3714,85,94.56,76.8,4.85,18,1,3.08,8.61,2.32,5.253333333333334
9281,42,57.98,68.7,24.91,26,1,3.27,6.32,1.52,2.23
3750,23,82.96,87.29,24.46,51,2,8.9,1.83,2.38,1.6266666666666665
8942,27,81.01,49.08,0.62,19,4,5.59,5.74,2.1,4.263684210526316
4007,34,96.09,25.79,29.65,29,2,11.34,3.45,1.5,3.313448275862069
8834,25,16.84,71.55,44.39,10,3,16.63,3.77,1.8,1.684
7984,16,43.71,88.11,45.21,19,4,1.87,7.82,0.92,2.3005263157894738
1567,91,56.82,75.02,30.1,2,3,4.11,4.79,0.98,28.41
6372,8,87.1,60.13,3.64,35,1,13.62,5.81,0.55,2.4885714285714284
4208,2,81.26,96.78,49.71,17,3,0.33,7.45,1.2,4.78
4262,56,84.02,6.82,4.99,41,4,5.77,1.22,1.89,2.049268292682927
6808,47,20.72,95.67,46.41,10,2,18.17,9.17,1.48,2.072
1665,30,61.01,15.52,42.08,38,1,19.85,2.73,1.41,1.6055263157894737
7034,91,77.66,12.64,47.65,17,2,16.62,9.02,1.73,4.568235294117647
5520,73,69.33,99.41,43.19,8,1,2.28,5.82,1.59,8.66625
2850,59,86.96,42.39,34.3,11,4,16.13,1.22,1.02,7.905454545454545
3820,95,50.1,9.47,38.86,18,1,19.23,5.91,1.34,2.783333333333333
1287,32,75.52,11.85,38.97,32,4,16.0,2.53,1.56,2.36
6266,92,59.64,95.75,42.89,31,1,0.24,7.19,1.06,1.9238709677419354
7679,25,94.45,47.47,9.25,10,4,15.41,7.34,2.0,9.445
3851,11,32.8,94.82,24.74,15,1,10.86,9.59,0.61,2.1866666666666665
1191,74,41.11,18.29,17.44,9,3,17.31,1.13,1.15,4.567777777777778
1975,69,57.61,41.08,8.4,17,4,8.91,1.91,0.94,3.3888235294117646
3822,66,67.81,33.95,5.62,37,1,11.56,9.25,1.45,1.8327027027027027
5820,66,82.21,60.75,26.93,48,2,13.27,3.27,0.79,1.7127083333333333
5133,40,96.29,47.71,21.1,29,1,16.99,1.62,2.42,3.320344827586207
3783,42,61.51,17.99,24.29,30,1,6.35,8.84,0.98,2.050333333333333
4414,8,69.76,38.98,47.57,19,2,12.87,7.8,2.5,3.6715789473684213
5563,30,26.51,22.66,11.19,4,2,6.86,3.2,1.52,6.6275
9426,85,74.33,6.55,8.87,30,1,11.8,5.88,2.43,2.4776666666666665
6209,95,84.49,97.12,37.29,25,3,11.8,8.51,0.56,3.3796
2023,30,79.65,90.24,30.41,29,1,19.74,9.87,2.07,2.746551724137931
4827,2,61.84,48.72,15.85,19,2,12.71,8.13,0.84,3.254736842105263
5808,28,63.06,59.12,45.08,3,4,8.38,8.15,2.26,21.02
4335,4,84.48,52.76,40.97,35,4,12.16,6.84,1.99,2.4137142857142857
1006,20,85.5,49.12,31.76,6,3,2.13,9.52,0.78,14.25
8867,68,49.99,48.85,10.93,2,1,4.8,4.01,1.33,24.995
8875,95,19.63,78.2,35.01,5,3,18.69,4.33,2.11,3.9259999999999997
7746,29,97.28,86.42,47.11,10,2,2.5,4.15,1.98,9.728
8739,7,54.97,33.08,25.35,29,4,2.43,1.86,1.2,1.8955172413793102
2382,25,44.14,82.52,38.88,7,2,18.75,5.74,1.76,6.305714285714286
7333,80,84.12,30.22,24.64,11,1,15.69,8.55,0.82,7.647272727272727
1871,47,83.2,61.46,29.08,33,4,5.7,9.32,0.87,2.5212121212121215
6753,78,96.94,56.62,13.57,50,1,14.63,9.57,2.47,1.9387999999999999
8821,6,47.41,63.87,11.96,15,1,18.9,4.01,2.11,3.1606666666666663
2282,27,83.25,89.25,38.7,32,2,19.55,3.81,1.2,2.6015625
1287,31,84.6,13.36,9.24,47,4,3.95,2.6,1.18,1.7999999999999998
4565,50,94.61,26.62,31.62,22,2,13.64,6.87,2.32,4.300454545454546
9567,21,56.74,46.02,31.18,6,1,4.41,9.87,1.19,9.456666666666667
2168,58,86.54,50.39,14.88,47,3,8.84,7.45,0.81,1.841276595744681
5336,97,47.62,6.87,12.76,8,4,15.16,8.16,1.78,5.9525
6341,30,70.98,19.53,18.53,14,3,9.24,2.51,1.45,5.07
3115,63,53.18,5.32,45.29,31,4,16.91,6.44,0.55,1.715483870967742
6653,87,99.24,13.32,10.1,66,1,9.84,6.37,2.14,1.5036363636363637
4128,2,80.45,10.52,34.68,28,2,3.6,5.42,2.42,2.873214285714286
4730,28,78.88,38.15,36.68,5,2,3.98,5.81,1.85,15.776
8237,81,99.0,41.24,23.64,5,2,7.91,7.65,1.21,19.8
2670,41,81.91,58.0,24.2,17,2,2.0,6.64,0.78,4.818235294117647
9432,42,68.11,12.97,46.26,15,4,17.18,5.32,0.93,4.540666666666667
8185,29,84.46,55.86,1.5,3,2,19.9,6.17,1.49,28.153333333333332
6316,31,92.81,24.48,46.48,16,4,16.53,7.01,2.14,5.800625
3900,81,98.5,86.36,44.84,34,1,12.41,7.23,0.87,2.8970588235294117
4769,35,54.07,72.2,1.92,12,1,13.03,6.47,1.11,4.505833333333333
3619,4,66.78,95.03,16.21,1,4,4.3,9.01,1.1,66.78
2902,88,52.06,59.22,20.47,24,1,14.89,4.72,2.29,2.169166666666667
6366,23,86.21,23.63,1.15,1,4,6.17,4.5,0.68,86.21
5035,22,87.03,10.92,42.94,57,1,13.19,6.65,1.75,1.526842105263158
7859,52,28.26,15.11,44.6,4,4,17.16,8.77,1.37,7.065
6124,53,53.77,79.1,24.5,3,2,7.11,6.32,0.53,17.923333333333336
4392,49,42.52,92.13,31.5,3,3,11.01,2.66,2.16,14.173333333333334
6694,93,64.01,5.48,13.33,35,1,16.1,1.24,0.69,1.828857142857143
8690,64,96.86,56.62,45.12,2,3,11.36,8.13,0.78,48.43
7715,82,67.76,41.16,45.69,18,2,11.06,1.59,1.64,3.764444444444445
5966,44,83.95,20.5,20.18,4,3,12.58,3.88,0.75,20.9875
2705,77,71.25,71.47,41.49,6,2,2.42,4.99,1.05,11.875
2882,3,52.38,27.72,9.99,24,3,12.39,8.31,1.15,2.1825
8514,56,58.83,41.75,45.31,11,1,12.87,4.15,0.54,5.348181818181818
3518,39,78.6,64.67,38.82,17,4,2.28,4.06,1.54,4.623529411764705
4814,76,40.78,63.89,43.13,5,4,0.54,8.77,2.48,8.156
4238,66,81.54,89.1,9.31,20,1,4.07,4.05,1.88,4.077
9720,99,37.44,56.57,39.07,17,2,3.74,4.36,1.99,2.2023529411764704
2102,67,81.09,88.34,17.98,1,3,5.72,4.6,1.16,81.09
6288,77,39.81,18.77,11.04,23,3,9.66,9.39,1.54,1.7308695652173913
1823,59,42.45,40.42,46.81,18,4,15.51,9.51,1.14,2.3583333333333334
1589,36,55.26,56.41,16.98,10,3,9.24,6.34,1.47,5.526
6644,73,49.94,70.9,25.53,25,1,8.89,8.35,0.78,1.9975999999999998
9715,42,68.52,25.53,23.3,19,4,17.25,5.3,1.92,3.606315789473684
1456,66,48.65,65.76,9.03,29,1,1.46,1.26,2.44,1.6775862068965517
7057,23,76.13,42.06,23.33,4,1,14.3,8.27,1.07,19.0325
4479,51,93.0,83.51,10.22,22,2,2.79,8.67,0.53,4.2272727272727275
7217,89,98.55,45.13,25.41,35,3,13.53,8.03,1.14,2.815714285714286
1912,68,54.36,5.89,6.56,23,1,17.7,1.52,1.45,2.3634782608695653
6270,37,53.67,65.5,16.51,22,4,16.56,7.3,1.58,2.4395454545454545
8991,93,66.13,83.95,22.09,39,2,15.51,2.68,1.15,1.6956410256410255
8827,58,92.57,54.25,24.72,45,4,10.6,7.03,1.85,2.057111111111111
1948,73,65.73,79.48,23.71,30,4,2.71,7.12,1.94,2.1910000000000003
4333,97,62.32,14.21,30.49,23,3,12.03,7.03,1.37,2.7095652173913045
5637,92,64.59,95.05,24.78,35,1,16.47,2.99,1.43,1.8454285714285714
2316,55,56.56,6.27,9.35,33,1,12.22,5.52,2.1,1.713939393939394
2839,74,72.84,82.8,45.7,5,2,15.93,6.28,2.46,14.568000000000001
8268,80,80.1,29.43,25.44,50,2,18.84,1.55,1.5,1.6019999999999999
6956,13,89.15,92.85,0.6,46,4,9.51,9.92,1.82,1.9380434782608698
5315,14,46.72,6.53,49.64,21,2,5.86,6.54,0.94,2.2247619047619045
5927,2,83.04,27.63,41.69,25,4,0.51,4.24,0.63,3.3216
9968,27,87.53,97.76,6.74,22,1,10.16,7.11,2.12,3.9786363636363635
6820,85,45.48,62.95,31.58,23,1,5.63,5.06,1.3,1.977391304347826
9168,6,38.39,67.3,29.79,19,2,7.12,3.18,2.4,2.0205263157894735
9118,69,86.84,53.78,8.12,35,1,14.43,7.39,0.92,2.4811428571428573
6827,11,36.92,37.77,14.07,2,3,18.02,3.26,1.17,18.46
5419,6,97.49,28.74,13.72,40,3,4.85,1.35,2.17,2.4372499999999997
8481,51,31.49,86.1,19.61,14,4,15.97,6.89,1.08,2.249285714285714
5854,23,62.23,34.62,21.42,23,1,15.26,4.27,2.1,2.7056521739130432
3157,90,84.85,60.47,32.65,6,4,1.86,3.78,0.5,14.141666666666666
5485,53,76.84,60.44,15.97,19,3,2.1,7.73,0.81,4.04421052631579
2727,60,55.25,31.18,24.88,28,1,7.98,2.95,1.0,1.9732142857142858
3065,21,62.47,75.3,42.31,17,3,11.01,6.18,1.84,3.6747058823529413
6289,66,56.56,86.08,21.56,24,1,0.72,2.59,2.19,2.356666666666667
3656,22,98.63,86.9,6.15,42,3,3.44,7.7,1.41,2.348333333333333
8067,69,84.06,20.49,27.3,12,3,1.34,1.65,0.61,7.005
8266,70,80.97,13.48,8.97,14,3,5.86,1.42,1.6,5.783571428571428
2971,52,18.84,19.55,30.68,6,1,8.28,2.1,1.42,3.14
6427,20,61.74,22.5,14.38,29,2,15.14,4.17,1.44,2.1289655172413795
9637,19,21.65,57.18,9.36,14,1,15.99,4.57,1.0,1.5464285714285713
1266,86,57.97,18.52,42.84,2,1,5.49,4.51,1.36,28.985
1790,88,64.25,91.42,14.13,16,2,14.38,7.05,0.66,4.015625
4064,73,62.4,93.24,0.07,11,1,3.84,9.41,2.18,5.672727272727273
1551,93,76.32,67.41,32.0,45,3,7.73,7.41,0.73,1.696
6497,73,10.71,51.49,27.71,2,2,4.24,2.13,1.0,5.355
8692,27,67.22,33.98,6.05,5,2,0.82,6.01,0.65,13.443999999999999
5930,77,87.96,88.82,13.3,15,4,12.91,6.1,0.69,5.864
8896,66,40.72,75.32,11.8,9,4,12.07,3.58,2.39,4.524444444444445
9175,10,70.88,65.72,37.97,3,2,11.97,7.49,1.9,23.626666666666665
5415,78,48.7,35.88,20.0,11,4,15.56,2.38,1.41,4.427272727272728
1434,65,89.29,58.06,16.82,52,2,1.8,2.36,1.16,1.7171153846153848
1791,27,69.25,18.73,11.56,15,4,3.83,3.62,2.39,4.616666666666666
3591,31,96.99,60.92,35.45,36,3,18.75,5.99,1.22,2.6941666666666664
2271,16,73.55,48.56,15.3,38,1,1.03,3.01,0.7,1.9355263157894735
8771,12,93.54,18.94,8.23,1,4,9.73,9.57,0.68,93.54
6667,8,86.29,94.21,29.22,36,3,16.95,6.51,1.61,2.3969444444444448
8368,90,97.94,41.02,18.38,52,4,3.2,6.81,2.07,1.8834615384615385
2537,3,88.03,25.62,9.39,48,4,16.4,7.72,0.9,1.8339583333333334
2188,74,70.18,75.53,41.04,21,2,6.27,8.48,2.07,3.3419047619047624
5346,84,22.02,33.17,22.56,9,2,10.82,3.41,2.02,2.4466666666666668
4973,72,77.32,22.99,14.38,39,4,4.44,3.11,1.46,1.9825641025641023
1588,91,55.5,75.97,24.67,33,4,2.9,3.31,2.33,1.6818181818181819
5674,98,99.92,85.72,35.18,1,1,14.89,2.33,2.08,99.92
1532,49,86.44,64.34,15.59,5,1,16.28,2.12,1.78,17.288
7814,54,74.33,42.76,14.77,17,3,8.12,3.36,1.13,4.37235294117647
4586,90,43.16,87.6,0.8,6,1,19.14,2.42,1.68,7.1933333333333325
8783,4,99.84,15.62,3.25,52,2,5.19,8.73,2.23,1.9200000000000002
9546,96,61.27,49.11,5.56,25,3,4.4,2.82,2.35,2.4508
8372,7,49.79,92.54,13.66,16,2,11.3,4.79,1.38,3.111875
3368,96,79.04,98.39,18.08,15,3,3.08,9.53,0.77,5.269333333333334
6030,89,80.87,80.06,3.45,49,3,11.96,6.6,0.93,1.6504081632653063
3781,82,80.15,15.2,6.47,32,4,7.33,3.18,1.81,2.5046875
9355,84,85.74,88.83,14.27,43,2,14.56,3.92,1.77,1.9939534883720929
1383,24,80.71,7.21,49.06,5,4,12.57,1.6,2.4,16.142
9757,87,33.89,59.24,7.92,17,1,11.95,6.26,0.69,1.993529411764706
9539,71,94.53,21.42,32.98,22,3,8.41,9.76,1.31,4.296818181818182
8583,57,36.76,18.89,8.75,2,4,7.74,3.47,1.65,18.38
5141,45,47.86,77.75,25.68,10,3,7.81,1.25,1.9,4.786
5238,68,44.85,86.65,20.71,15,4,6.63,5.24,0.85,2.99
8017,47,41.1,11.11,7.38,6,3,9.75,7.89,2.03,6.8500000000000005
9923,27,88.66,5.84,0.94,45,2,9.46,9.57,2.27,1.970222222222222
2373,69,93.88,36.94,17.6,42,1,15.47,7.05,2.18,2.235238095238095
1791,20,81.02,96.71,16.93,54,3,18.47,4.82,1.56,1.5003703703703704
2614,12,38.81,30.97,30.19,11,3,8.56,5.84,0.99,3.5281818181818183
5576,9,80.0,11.04,6.91,12,2,16.06,2.76,2.48,6.666666666666667
2949,14,29.54,76.02,41.47,10,3,6.1,4.88,1.86,2.9539999999999997
5174,77,77.32,74.83,17.36,49,3,15.68,3.97,1.89,1.5779591836734692
6621,99,51.28,40.49,9.76,29,2,9.45,6.22,1.88,1.7682758620689656
6722,5,85.34,70.45,5.41,26,3,18.06,2.08,0.68,3.2823076923076924
7216,53,81.89,75.34,14.55,8,1,16.92,3.75,2.18,10.23625
2945,57,95.19,63.16,47.9,6,4,2.34,2.82,0.8,15.865
6772,2,56.94,13.95,6.65,32,1,10.63,7.1,1.43,1.779375
7122,95,98.94,87.76,33.25,43,1,6.08,5.69,2.06,2.3009302325581396
3385,71,74.66,66.45,33.15,6,3,7.62,5.04,2.34,12.443333333333333
9253,50,97.68,40.62,31.44,42,2,0.36,9.57,1.33,2.325714285714286
5277,65,98.11,71.39,36.68,5,3,1.77,8.67,0.59,19.622
2223,48,62.21,64.82,35.88,35,4,16.64,2.18,1.56,1.7774285714285714
5631,85,66.07,21.94,10.31,44,4,17.2,1.28,1.26,1.501590909090909
3516,12,35.11,73.14,19.44,21,1,18.92,6.4,2.24,1.6719047619047618
3851,11,90.71,43.45,26.48,48,1,14.58,7.23,0.93,1.8897916666666665
6600,78,79.74,75.77,14.57,42,2,3.28,6.11,1.03,1.8985714285714284
3785,95,51.22,23.59,8.08,13,2,13.8,2.42,1.8,3.94
7517,80,39.11,97.02,0.98,25,1,14.34,5.36,2.32,1.5644
2980,60,87.41,76.82,38.17,50,4,9.13,7.44,0.66,1.7482
5913,41,94.39,26.27,10.17,54,1,19.96,2.36,1.12,1.747962962962963
5401,48,93.13,88.68,21.79,25,2,2.36,2.8,1.37,3.7251999999999996
7372,37,79.72,80.0,10.16,25,2,6.58,9.96,1.51,3.1888
5729,21,97.67,67.92,15.68,7,2,12.21,9.66,1.12,13.952857142857143
5201,62,56.76,42.33,32.47,11,4,18.78,4.45,1.77,5.16
7329,76,97.26,32.03,43.83,45,4,1.09,6.17,1.61,2.1613333333333333
1750,24,77.07,26.39,3.6,10,2,7.77,1.65,0.82,7.706999999999999
5216,71,98.42,65.77,36.35,32,4,19.84,5.98,1.68,3.075625
4836,71,38.16,34.07,28.41,4,4,18.62,5.02,2.13,9.54
9707,73,92.56,26.1,33.02,53,1,0.92,4.64,2.39,1.7464150943396226
6234,18,83.96,72.91,48.72,12,2,9.82,9.74,1.1,6.996666666666666
4412,62,41.18,22.44,28.3,17,1,17.57,3.25,1.29,2.4223529411764706
9634,57,57.68,74.81,13.55,9,2,7.71,2.91,2.45,6.408888888888889
8620,73,89.48,88.37,18.23,46,3,8.27,4.39,1.04,1.945217391304348
2745,66,65.62,13.24,14.5,2,2,5.87,1.33,1.09,32.81
8590,33,76.2,18.83,44.69,36,3,6.73,8.09,0.87,2.1166666666666667
4885,66,40.43,58.59,27.77,4,1,14.11,3.43,1.94,10.1075
9365,74,41.98,74.54,3.58,10,2,12.55,2.53,1.01,4.1979999999999995
6843,35,65.1,6.99,13.97,26,2,1.38,4.2,1.96,2.503846153846154
1997,55,13.61,55.76,12.28,2,3,6.91,6.92,1.53,6.805
5498,63,44.58,51.45,19.91,16,3,10.49,3.68,0.8,2.78625
2074,22,71.7,34.25,2.14,46,1,15.4,2.33,1.88,1.558695652173913
8926,89,77.1,78.15,11.82,27,2,10.75,8.63,1.86,2.855555555555555
7036,95,47.97,66.48,22.17,11,3,6.52,8.16,2.17,4.36090909090909
9870,92,85.23,48.62,26.23,13,2,11.49,2.07,2.31,6.556153846153847
5613,13,40.63,45.91,9.05,16,4,18.81,4.43,1.51,2.539375
9170,91,46.38,39.74,1.68,8,1,11.26,1.68,1.5,5.7975
1824,1,56.48,53.84,39.11,34,3,7.2,1.8,0.72,1.6611764705882353
3737,15,43.66,56.74,34.3,23,2,14.3,4.37,1.39,1.8982608695652172
5627,92,78.7,18.47,13.11,17,1,7.76,1.53,1.69,4.629411764705883
4410,32,74.05,67.31,4.09,1,1,13.97,8.9,1.46,74.05
6876,22,92.16,74.05,44.85,9,3,13.93,7.32,1.17,10.24
1323,97,72.23,56.23,43.15,35,1,1.1,8.36,2.02,2.0637142857142856
7101,68,16.49,16.13,1.03,9,1,0.57,5.95,0.89,1.832222222222222
2640,58,89.51,98.26,33.46,24,3,17.96,2.18,1.27,3.7295833333333337
4006,65,30.14,65.52,42.96,18,3,10.08,2.87,0.77,1.6744444444444444
3518,7,76.5,23.31,17.89,32,4,17.94,4.01,2.37,2.390625
8921,15,61.26,30.7,49.68,19,4,17.26,6.09,1.52,3.2242105263157894
2183,43,40.84,58.35,24.81,2,1,18.7,1.75,1.64,20.42
2631,15,88.45,50.5,1.02,50,2,11.55,1.09,2.02,1.7690000000000001
9273,6,59.16,97.87,26.89,30,1,2.71,4.75,1.76,1.972
8250,59,70.27,41.88,18.67,3,2,10.58,2.73,0.7,23.423333333333332
1761,94,21.73,46.47,47.04,13,3,4.76,7.54,1.65,1.6715384615384616
5898,20,9.28,51.74,6.23,1,3,3.93,8.74,0.9,9.28
3385,69,9.62,77.04,45.17,6,1,19.05,4.62,1.81,1.6033333333333333
8633,16,13.06,71.1,33.98,2,4,19.12,3.23,1.26,6.53
9282,35,63.24,33.15,29.14,27,3,19.18,6.26,1.84,2.3422222222222224
5835,47,89.86,54.28,9.36,22,4,11.04,8.04,1.46,4.084545454545455
5606,24,90.83,52.75,9.79,56,3,8.21,7.45,1.27,1.6219642857142857
9280,85,72.95,89.27,26.79,45,2,10.04,8.69,0.64,1.6211111111111112
3624,1,38.82,99.07,32.15,18,2,8.56,7.67,1.11,2.1566666666666667
2009,73,86.92,48.38,34.01,52,1,0.71,3.3,1.18,1.6715384615384616
3366,15,87.42,86.38,30.95,22,2,6.31,1.38,1.5,3.9736363636363636
